ticker,name,composite_score,grade,letter_grade,financial_score,valuation_score,tech_score,smart_money_score,analyst_score,revenue_growth_pct,eps_growth_pct,operating_margin_pct,debt_to_equity,pe_ratio,ps_ratio,ev_ebitda,sector,rsi,ma_signal,rs_vs_spy_20d,upside_pct,recommendation,current_price,target_buy_price,target_sell_price,rank
CINF,Cincinnati Financial Corporation,72.6,🔥 S급 (강력 매수),S,27.0,23.0,12.0,5.6,5.0,21.8,67.3,27.6,0.06,11.11,2.08,7.98,Financial Services,59.9,Bullish,5.9,3.0,buy,168.53,163.64,173.67,1
PTC,PTC Inc.,72.0,🔥 S급 (강력 매수),S,28.0,23.0,7.0,7.0,7.0,21.4,104.4,33.8,0.36,24.06,6.79,16.78,Technology,50.4,Neutral,6.1,19.6,buy,163.1,163.64,195.0,2
EIX,Edison International,70.7,🔥 S급 (강력 매수),S,23.0,25.0,10.0,8.7,4.0,30.8,446.3,35.9,2.16,6.39,1.47,8.73,Utilities,77.2,Bullish,23.7,-1.3,buy,73.86,64.22,84.94,3
ALL,The Allstate Corporation,70.2,🔥 S급 (강력 매수),S,23.0,25.0,8.0,8.2,6.0,5.1,103.2,29.0,0.25,5.61,0.82,4.76,Financial Services,69.6,Bullish,9.1,12.3,buy,213.61,203.67,239.95,4
OMC,Omnicom Group Inc.,65.7,🔥 S급 (강력 매수),S,19.0,25.0,6.0,8.7,7.0,27.9,0.0,14.9,0.86,6.71,1.54,11.33,Communication Services,68.2,Neutral,12.8,19.2,buy,84.62,77.73,100.9,5
CF,"CF Industries Holdings, Inc.",65.3,🔥 S급 (강력 매수),S,28.0,19.0,10.0,7.3,1.0,22.8,37.1,35.3,0.47,11.85,2.34,6.46,Basic Materials,70.4,Bullish,21.1,-8.1,hold,106.3,88.61,122.24,6
HST,"Host Hotels & Resorts, Inc.",63.7,🌟 A급 (매수),A,21.0,25.0,4.0,7.7,6.0,12.8,27.1,12.1,0.84,17.82,2.23,11.27,Real Estate,46.0,Neutral,7.1,6.6,buy,19.6,18.89,20.89,7
PAYC,"Paycom Software, Inc.",63.7,🌟 A급 (매수),A,20.0,25.0,7.0,5.7,6.0,10.2,2.1,28.9,0.05,16.31,3.53,10.6,Technology,56.5,Neutral,1.0,14.7,buy,131.81,127.86,151.18,8
ADBE,Adobe Inc.,63.6,🌟 A급 (매수),A,22.0,23.0,7.0,2.6,9.0,10.5,17.2,36.5,0.57,16.24,4.77,12.04,Technology,54.9,Neutral,-5.5,50.7,buy,270.99,262.86,408.47,9
CRM,"Salesforce, Inc.",63.2,🌟 A급 (매수),A,20.0,21.0,7.0,6.2,9.0,12.1,17.9,19.2,0.3,26.17,4.49,15.07,Technology,52.1,Neutral,-4.8,41.4,buy,196.05,190.17,277.19,10
CTRA,Coterra Energy Inc.,62.7,🌟 A급 (매수),A,27.0,15.0,6.0,8.7,6.0,23.4,20.6,33.3,0.27,14.31,3.37,5.66,Energy,52.3,Bullish,13.3,7.3,buy,30.9,28.06,33.15,11
GEN,Gen Digital Inc.,61.9,🌟 A급 (매수),A,20.0,25.0,6.0,2.9,8.0,25.8,20.1,35.8,3.63,23.09,2.92,10.64,Technology,28.8,Bearish,-3.2,39.2,buy,22.4,21.73,31.19,12
ACGL,Arch Capital Group Ltd.,61.4,🌟 A급 (매수),A,21.0,21.0,8.0,5.4,6.0,8.5,38.8,29.5,0.12,8.66,1.83,6.45,Financial Services,65.7,Bullish,6.1,8.8,buy,100.48,96.32,109.32,13
ES,Eversource Energy,61.1,🌟 A급 (매수),A,22.0,17.0,10.0,7.1,5.0,13.4,466.2,22.1,1.85,16.39,2.07,12.42,Utilities,71.0,Bullish,12.2,0.9,buy,74.73,69.87,75.38,14
SBAC,SBA Communications Corporation,60.9,🌟 A급 (매수),A,22.0,11.0,12.0,9.9,6.0,3.7,115.6,52.4,0.0,24.83,7.47,19.9,Real Estate,59.0,Bullish,11.1,14.3,buy,197.38,190.58,225.56,15
UHS,"Universal Health Services, Inc.",60.3,🌟 A급 (매수),A,20.0,25.0,3.0,5.3,7.0,9.1,42.7,11.5,0.7,8.86,0.72,6.77,Healthcare,44.0,Neutral,3.7,22.4,buy,204.85,198.7,250.76,16
PGR,The Progressive Corporation,59.7,🌟 A급 (매수),A,22.0,23.0,6.0,4.7,4.0,12.2,25.2,16.5,0.23,11.1,1.43,8.23,Financial Services,65.3,Neutral,7.2,11.7,hold,213.35,208.43,238.35,17
EQT,EQT Corporation,59.7,🌟 A급 (매수),A,28.0,7.0,10.0,8.7,6.0,26.9,54.6,55.0,0.29,18.61,4.7,8.19,Energy,76.2,Bullish,15.0,6.3,buy,61.61,55.4,65.52,18
HIG,"The Hartford Insurance Group, Inc.",59.4,🌟 A급 (매수),A,23.0,19.0,6.0,5.4,6.0,6.7,38.2,20.0,0.24,10.59,1.39,7.51,Financial Services,50.2,Bullish,5.5,6.9,buy,141.08,136.83,150.85,19
GDDY,GoDaddy Inc.,59.4,🌟 A급 (매수),A,16.0,25.0,5.0,5.4,8.0,6.8,31.7,25.1,17.96,14.35,2.44,11.66,Technology,42.5,Bearish,-8.7,33.8,buy,89.23,86.55,119.43,20
MTCH,"Match Group, Inc.",59.3,🌟 A급 (매수),A,22.0,21.0,5.0,4.3,7.0,2.1,40.6,30.0,0.0,12.94,2.13,9.71,Communication Services,40.4,Bearish,-0.2,18.4,buy,30.8,31.58,36.47,21
CTSH,Cognizant Technology Solutions Corporation,59.0,🌟 A급 (매수),A,18.0,25.0,8.0,0.0,8.0,4.9,22.1,16.0,0.08,14.11,1.47,7.83,Technology,30.1,Bearish,-19.8,39.3,buy,64.34,62.41,89.64,22
FSLR,"First Solar, Inc.",58.6,🌟 A급 (매수),A,26.0,23.0,0.0,1.6,8.0,11.1,32.3,32.6,0.07,13.91,4.06,8.94,Technology,34.6,Bearish,-12.2,31.1,buy,197.53,191.6,258.91,23
TRV,"The Travelers Companies, Inc.",58.2,🌟 A급 (매수),A,20.0,17.0,10.0,9.2,2.0,3.5,23.4,25.9,0.29,11.34,1.42,7.9,Financial Services,74.8,Bullish,11.0,-2.6,hold,310.97,290.47,357.62,24
TEL,TE Connectivity plc,58.0,🌟 A급 (매수),A,27.0,23.0,0.0,0.0,8.0,21.7,44.4,20.9,0.46,29.4,3.31,14.36,Technology,36.3,Bearish,-7.6,34.8,buy,204.31,198.18,275.37,25
CPAY,"Corpay, Inc.",57.7,🌟 A급 (매수),A,18.0,23.0,4.0,8.7,4.0,20.7,9.0,45.8,2.43,22.26,5.21,13.52,Technology,41.4,Neutral,11.9,15.0,none,334.42,324.33,384.71,26
FIS,"Fidelity National Information Services, Inc.",57.2,🌟 A급 (매수),A,22.0,15.0,7.0,5.2,8.0,8.2,88.1,24.6,0.96,68.86,2.44,12.3,Technology,48.9,Neutral,-8.2,32.6,buy,50.27,48.76,66.67,27
TXT,Textron Inc.,56.7,🌟 A급 (매수),A,20.0,17.0,6.0,8.7,5.0,15.6,74.4,7.4,0.54,19.25,1.16,11.82,Industrials,56.9,Bullish,14.7,0.7,buy,98.55,93.53,99.28,28
MU,"Micron Technology, Inc.",56.4,🌟 A급 (매수),A,30.0,15.0,4.0,1.4,6.0,56.7,175.4,45.0,0.21,36.09,10.1,19.32,Technology,52.0,Neutral,-11.1,5.2,buy,379.68,368.16,399.61,29
BR,"Broadridge Financial Solutions, Inc.",56.2,🌟 A급 (매수),A,18.0,19.0,5.0,6.2,8.0,7.8,101.7,12.0,1.17,20.74,3.05,14.3,Technology,73.3,Neutral,-3.3,31.1,buy,187.51,181.88,245.88,30
CB,Chubb Limited,56.2,🌟 A급 (매수),A,22.0,13.0,8.0,9.2,4.0,5.5,27.9,24.2,0.31,13.17,2.23,11.73,Financial Services,63.0,Bullish,10.9,-0.4,buy,338.3,317.07,389.04,31
VTRS,Viatris Inc.,55.9,🌟 A급 (매수),A,13.0,25.0,3.0,9.9,5.0,5.0,0.0,7.8,1.0,5.58,1.2,7.66,Healthcare,36.4,Neutral,11.0,3.4,buy,14.89,13.79,15.39,32
FRT,Federal Realty Investment Trust,55.7,🌟 A급 (매수),A,21.0,13.0,8.0,8.7,5.0,7.5,98.7,34.5,1.44,23.63,7.49,18.26,Real Estate,61.1,Bullish,12.4,3.6,buy,110.57,103.36,114.58,33
INCY,Incyte Corporation,55.5,🌟 A급 (매수),A,24.0,23.0,1.0,1.5,6.0,27.8,43.6,25.6,1.06,15.3,3.8,11.11,Healthcare,42.5,Bearish,-2.3,9.2,buy,98.07,102.36,107.09,34
UBER,"Uber Technologies, Inc.",55.1,🌟 A급 (매수),A,13.0,23.0,7.0,4.1,8.0,20.1,-95.6,12.3,0.44,16.14,3.05,25.8,Technology,58.6,Neutral,-3.4,36.8,buy,76.36,78.97,104.47,35
FE,FirstEnergy Corp.,55.0,🌟 A급 (매수),A,17.0,15.0,10.0,8.0,5.0,20.7,0.0,29.2,1.93,28.73,1.96,11.42,Utilities,72.7,Bullish,10.8,1.6,buy,50.57,46.8,51.38,36
IP,International Paper Company,54.5,📈 B급 (중립),B,17.0,25.0,4.0,2.5,6.0,31.1,0.0,1.9,0.7,14.46,0.94,10.2,Consumer Cyclical,18.5,Neutral,6.5,11.5,buy,42.05,42.58,46.87,37
SPG,"Simon Property Group, Inc.",54.4,📈 B급 (중립),B,19.0,13.0,12.0,5.4,5.0,13.2,358.1,49.7,4.35,14.24,11.97,20.31,Real Estate,59.9,Bullish,7.8,1.0,buy,201.95,190.94,204.05,38
SMCI,"Super Micro Computer, Inc.",54.4,📈 B급 (중립),B,21.0,25.0,1.0,2.4,5.0,123.4,19.2,3.7,0.75,22.39,0.65,17.81,Technology,40.7,Neutral,5.4,34.7,none,30.68,30.97,41.31,39
MSFT,Microsoft Corporation,54.1,📈 B급 (중립),B,26.0,15.0,7.0,0.1,6.0,16.7,59.8,47.1,0.32,25.25,9.83,17.31,Technology,44.1,Neutral,-2.2,47.5,strong_buy,403.93,391.81,596.0,40
AIZ,"Assurant, Inc.",54.1,📈 B급 (중립),B,18.0,19.0,7.0,4.1,6.0,7.9,15.1,10.1,0.39,13.76,0.91,7.89,Financial Services,47.7,Neutral,-0.6,12.2,buy,232.89,233.44,261.33,41
QRVO,"Qorvo, Inc.",54.0,📈 B급 (중립),B,21.0,23.0,0.0,6.0,4.0,8.4,307.0,19.8,0.42,22.39,2.01,10.09,Technology,39.1,Bearish,4.0,8.8,hold,81.27,82.79,88.44,42
DTE,DTE Energy Company,54.0,📈 B급 (중립),B,17.0,17.0,7.0,8.0,5.0,28.9,25.5,15.9,2.14,21.04,1.95,15.72,Utilities,81.5,Bullish,13.6,2.3,buy,148.11,136.07,151.5,43
SJM,The J. M. Smucker Company,53.9,📈 B급 (중립),B,13.0,17.0,12.0,5.9,6.0,7.0,0.0,18.8,1.43,11.2,1.34,10.34,Consumer Defensive,57.0,Bullish,10.5,11.3,buy,112.35,103.67,125.0,44
REG,Regency Centers Corporation,53.7,📈 B급 (중립),B,23.0,9.0,8.0,8.7,5.0,8.9,141.9,38.8,0.69,28.28,9.25,19.47,Real Estate,64.1,Bullish,13.0,2.1,buy,79.76,72.75,81.45,45
D,"Dominion Energy, Inc.",53.7,📈 B급 (중립),B,22.0,17.0,4.0,7.7,3.0,20.4,365.5,22.0,1.5,18.06,3.34,13.6,Utilities,47.6,Neutral,7.7,3.6,hold,62.68,60.59,64.94,46
HCA,"HCA Healthcare, Inc.",53.3,📈 B급 (중립),B,21.0,19.0,2.0,7.3,4.0,6.7,44.5,16.3,0.0,19.12,1.6,11.1,Healthcare,67.8,Bullish,11.2,-0.1,buy,541.8,495.46,623.07,47
ELV,"Elevance Health, Inc.",53.0,📈 B급 (중립),B,18.0,25.0,2.0,0.0,8.0,9.5,36.3,1.5,0.74,11.26,0.31,6.58,Healthcare,28.7,Bearish,-14.7,36.6,buy,284.03,275.51,387.85,48
IBM,International Business Machines Corporation,53.0,📈 B급 (중립),B,22.0,21.0,2.0,0.0,8.0,12.2,89.9,24.8,1.97,22.02,3.41,17.39,Technology,28.5,Bearish,-19.5,31.3,buy,245.28,237.92,321.95,49
CI,The Cigna Group,52.7,📈 B급 (중립),B,10.6,25.0,4.0,6.1,7.0,10.4,-9.3,3.5,0.75,12.81,0.28,8.11,Healthcare,46.2,Neutral,6.7,18.6,buy,283.93,280.15,336.67,50
TFX,Teleflex Incorporated,52.7,📈 B급 (중립),B,16.0,16.0,8.0,8.7,4.0,0.0,0.0,40.6,0.9,12.0,2.71,16.66,Healthcare,74.9,Neutral,20.4,9.0,hold,122.19,112.13,133.22,51
LDOS,"Leidos Holdings, Inc.",52.7,📈 B급 (중립),B,10.3,25.0,7.0,3.4,7.0,-3.6,19.7,11.2,1.08,16.2,1.34,11.34,Technology,41.3,Neutral,-1.8,18.5,buy,180.65,185.4,214.0,52
KDP,Keurig Dr Pepper Inc.,52.6,📈 B급 (중립),B,19.0,9.0,12.0,5.6,7.0,10.5,0.0,22.6,0.75,19.33,2.42,13.08,Consumer Defensive,57.4,Bullish,9.8,20.3,buy,29.57,28.33,35.57,53
KEYS,"Keysight Technologies, Inc.",52.6,📈 B급 (중립),B,25.0,6.0,7.0,10.6,4.0,23.3,68.0,15.5,0.45,53.17,9.16,40.97,Technology,81.7,Bullish,37.7,-1.3,buy,302.54,228.6,347.92,54
VICI,VICI Properties Inc.,52.4,📈 B급 (중립),B,12.5,15.0,8.0,9.9,7.0,3.8,-3.4,80.3,0.63,11.48,8.06,13.65,Real Estate,66.2,Bullish,10.2,15.0,buy,30.2,28.7,34.74,55
BALL,Ball Corporation,52.2,📈 B급 (중립),B,15.0,19.0,3.0,9.2,6.0,16.2,0.0,10.1,1.36,19.76,1.33,11.68,Consumer Cyclical,35.1,Neutral,17.5,7.6,buy,65.2,59.21,70.15,56
MCK,McKesson Corporation,52.1,📈 B급 (중립),B,21.0,12.0,8.0,7.1,4.0,11.4,38.0,1.5,0.0,28.74,0.31,21.75,Healthcare,69.7,Bullish,19.9,-0.8,buy,995.69,872.36,1145.04,57
ACN,Accenture plc,51.8,📈 B급 (중립),B,12.8,23.0,8.0,0.0,8.0,6.0,-1.6,17.0,0.26,17.36,1.84,10.33,Technology,32.0,Bearish,-19.2,37.5,buy,209.89,203.59,288.63,58
HSIC,"Henry Schein, Inc.",51.5,📈 B급 (중립),B,15.0,15.0,12.0,3.5,6.0,7.7,13.6,5.3,0.72,24.53,0.72,13.72,Healthcare,47.8,Bullish,8.7,11.9,buy,80.21,77.97,89.79,59
LVS,Las Vegas Sands Corp.,51.4,📈 B급 (중립),B,19.0,17.0,5.0,2.4,8.0,26.0,29.3,23.9,8.29,23.7,2.89,11.02,Consumer Cyclical,43.4,Bearish,2.8,25.4,buy,55.7,54.03,69.87,60
PYPL,"PayPal Holdings, Inc.",51.4,📈 B급 (중립),B,18.0,21.0,3.0,5.4,4.0,3.7,39.4,17.5,0.61,8.57,1.31,6.7,Financial Services,66.7,Neutral,-9.2,11.9,hold,46.38,44.99,51.91,61
RMD,ResMed Inc.,51.2,📈 B급 (중립),B,23.0,11.0,4.0,6.2,7.0,11.0,14.5,35.2,0.13,25.57,6.98,18.3,Healthcare,45.8,Neutral,3.8,15.2,buy,258.28,253.77,297.47,62
BMY,Bristol-Myers Squibb Company,51.2,📈 B급 (중립),B,16.0,19.0,4.0,9.2,3.0,1.3,1392.1,28.2,2.55,17.69,2.59,8.43,Healthcare,52.3,Bullish,11.7,1.5,hold,61.22,57.0,62.16,63
APH,Amphenol Corporation,51.0,📈 B급 (중립),B,26.0,17.0,0.0,0.0,8.0,49.1,57.6,27.5,1.19,38.8,6.9,23.53,Technology,32.2,Bearish,-8.4,30.8,buy,129.58,125.69,169.44,64
SYK,Stryker Corporation,50.8,📈 B급 (중립),B,24.0,4.0,10.0,6.8,6.0,11.4,55.9,27.2,0.73,45.89,5.86,22.94,Healthcare,75.9,Bullish,6.6,10.5,buy,384.59,363.91,424.89,65
O,Realty Income Corporation,50.2,📈 B급 (중립),B,25.0,7.0,8.0,8.2,2.0,11.0,41.2,47.0,0.74,56.89,10.81,17.95,Real Estate,66.0,Bullish,12.6,-0.8,hold,66.56,61.08,76.54,66
HPE,Hewlett Packard Enterprise Company,49.9,📈 B급 (중립),B,6.0,25.0,8.0,3.9,7.0,14.4,-88.9,3.4,0.97,7.93,0.84,10.68,Technology,34.6,Bearish,0.5,20.2,buy,21.64,22.45,26.01,67
GLW,Corning Incorporated,49.7,📈 B급 (중립),B,24.0,6.0,8.0,8.7,3.0,20.4,77.4,16.6,0.76,80.64,8.1,36.76,Technology,63.5,Bullish,36.1,-14.3,buy,147.57,109.6,169.71,68
NFLX,"Netflix, Inc.",49.6,📈 B급 (중립),B,24.0,0.0,8.0,10.6,7.0,17.6,32.7,24.5,0.64,38.62,9.17,30.78,Communication Services,71.8,Neutral,20.2,16.6,buy,97.7,86.46,113.89,69
CNC,Centene Corporation,49.2,📈 B급 (중립),B,14.8,25.0,6.0,0.4,3.0,23.2,0.0,-1.9,0.91,10.65,0.12,7.61,Healthcare,68.1,Neutral,4.6,2.2,hold,43.82,42.83,44.76,70
IQV,IQVIA Holdings Inc.,49.0,📈 B급 (중립),B,17.0,19.0,5.0,0.0,8.0,10.3,23.6,15.2,2.46,22.16,1.82,14.91,Healthcare,43.0,Bearish,-22.6,35.4,buy,173.96,168.74,235.52,71
PAYX,"Paychex, Inc.",49.0,📈 B급 (중립),B,14.5,21.0,7.0,1.5,5.0,18.3,-3.5,41.7,1.3,21.62,5.69,13.19,Technology,43.7,Neutral,-4.6,24.6,hold,95.56,92.69,119.07,72
ADP,"Automatic Data Processing, Inc.",49.0,📈 B급 (중립),B,19.0,19.0,5.0,0.0,6.0,6.2,11.5,26.3,0.7,20.8,4.12,14.4,Technology,41.3,Bearish,-10.5,27.9,hold,216.27,209.78,276.71,73
LH,Labcorp Holdings Inc.,49.0,📈 B급 (중립),B,17.0,15.0,4.0,7.0,6.0,5.6,15.7,10.6,0.76,27.03,1.68,13.38,Healthcare,49.3,Bullish,7.1,8.7,buy,282.99,268.16,307.59,74
PRU,"Prudential Financial, Inc.",49.0,📈 B급 (중립),B,19.0,25.0,1.0,0.0,4.0,31.2,0.0,10.4,1.24,9.88,0.56,7.78,Financial Services,41.4,Bearish,-8.2,13.8,hold,98.75,95.79,112.36,75
BKNG,Booking Holdings Inc.,49.0,📈 B급 (중립),B,26.0,9.0,5.0,0.0,9.0,16.0,38.4,32.4,0.0,25.06,4.97,13.23,Consumer Cyclical,45.3,Bearish,-16.7,40.0,buy,4153.87,4029.25,5816.77,76
ZBH,"Zimmer Biomet Holdings, Inc.",48.7,📈 B급 (중립),B,10.0,19.0,8.0,8.7,3.0,10.9,-40.8,14.0,0.62,27.6,2.36,10.59,Healthcare,69.8,Bullish,15.8,4.8,hold,97.97,91.76,102.65,77
CDW,CDW Corporation,48.6,📈 B급 (중립),B,9.0,25.0,2.0,4.6,8.0,6.3,8.8,7.3,2.37,15.5,0.73,11.04,Technology,23.3,Bearish,1.4,33.6,buy,125.28,130.7,167.4,78
ADI,"Analog Devices, Inc.",48.5,📈 B급 (중립),B,30.0,5.0,0.0,7.5,6.0,30.4,116.7,33.1,0.26,62.09,14.08,31.17,Technology,60.2,Bullish,9.5,13.0,buy,338.99,310.6,383.06,79
TRMB,Trimble Inc.,48.2,📈 B급 (중립),B,18.7,11.0,7.0,6.5,5.0,-1.4,80.5,22.5,0.27,39.3,4.59,21.38,Technology,50.9,Neutral,4.1,35.0,none,69.16,72.49,93.33,80
NVDA,NVIDIA Corporation,48.2,📈 B급 (중립),B,30.0,9.0,1.0,2.2,6.0,73.2,95.6,65.0,0.07,36.74,20.27,32.46,Technology,41.1,Bearish,-0.8,46.8,strong_buy,180.05,185.9,264.25,81
CVS,CVS Health Corporation,48.1,📈 B급 (중립),B,16.0,13.0,6.0,6.1,7.0,8.4,76.6,1.6,1.06,57.91,0.26,11.76,Healthcare,64.6,Neutral,8.9,19.7,buy,80.49,78.17,96.38,82
QCOM,QUALCOMM Incorporated,48.0,📈 B급 (중립),B,13.7,19.0,5.0,3.3,7.0,5.0,-1.8,27.5,0.64,27.85,3.29,10.93,Technology,46.4,Bearish,-7.3,15.5,buy,138.13,133.99,159.54,83
DAL,"Delta Air Lines, Inc.",48.0,📈 B급 (중립),B,14.0,25.0,2.0,2.0,5.0,2.9,44.6,8.9,1.02,8.43,0.67,7.59,Industrials,31.6,Neutral,-4.1,26.8,strong_buy,64.6,62.66,81.89,84
T,AT&T Inc.,47.9,📈 B급 (중립),B,7.2,25.0,2.0,8.7,5.0,3.6,-5.6,18.4,1.24,9.43,1.62,8.14,Communication Services,62.1,Bullish,11.2,2.6,buy,28.67,25.62,29.41,85
CZR,"Caesars Entertainment, Inc.",47.7,📈 B급 (중립),B,7.0,19.0,6.0,7.7,8.0,4.2,0.0,18.9,6.95,22.75,0.44,8.59,Consumer Cyclical,65.6,Neutral,23.7,25.0,buy,25.02,22.65,31.28,86
RL,Ralph Lauren Corporation,47.7,📈 B급 (중립),B,23.0,9.0,3.0,6.7,6.0,12.2,24.9,20.1,0.99,24.57,2.79,16.42,Consumer Cyclical,52.4,Neutral,3.4,12.2,buy,360.88,362.36,404.76,87
GRMN,Garmin Ltd.,47.6,📈 B급 (중립),B,19.0,13.0,7.0,5.6,3.0,16.6,21.2,28.9,2.18,29.15,6.66,22.14,Technology,81.2,Bullish,23.3,3.8,hold,250.69,215.0,260.25,88
INTU,Intuit Inc.,47.5,📈 B급 (중립),B,16.2,12.0,7.0,3.3,9.0,41.0,-18.5,15.7,0.0,29.76,6.0,N/A,Technology,53.7,Neutral,-8.9,42.8,buy,433.35,420.35,618.76,89
VZ,Verizon Communications Inc.,47.2,📈 B급 (중립),B,6.0,25.0,4.0,8.2,4.0,2.0,-53.3,21.0,1.75,12.53,1.55,7.63,Communication Services,70.3,Bullish,16.2,-2.1,buy,50.87,43.37,58.5,90
DGX,Quest Diagnostics Incorporated,47.0,📈 B급 (중립),B,17.0,13.0,4.0,8.0,5.0,7.1,11.0,14.0,0.9,23.81,2.1,13.41,Healthcare,55.5,Bullish,14.8,4.3,buy,208.36,188.93,217.38,91
CAH,"Cardinal Health, Inc.",47.0,📈 B급 (중립),B,18.0,15.0,4.0,4.0,6.0,18.8,19.4,1.2,0.0,32.57,0.22,15.62,Healthcare,58.2,Bullish,5.6,10.1,buy,226.35,214.26,249.27,92
LRCX,Lam Research Corporation,47.0,📈 B급 (중립),B,28.0,6.0,4.0,1.0,8.0,22.1,37.0,33.9,0.44,44.61,13.27,36.72,Technology,43.6,Neutral,-6.3,26.5,buy,217.27,216.47,274.74,93
BBWI,"Bath & Body Works, Inc.",46.9,📈 B급 (중립),B,5.2,25.0,4.0,6.7,6.0,-1.0,-23.9,10.1,0.0,6.94,0.63,6.3,Consumer Cyclical,50.7,Neutral,3.9,14.5,buy,22.43,21.92,25.69,94
TDY,Teledyne Technologies Incorporated,46.7,📈 B급 (중립),B,23.0,8.0,2.0,8.7,5.0,7.3,39.1,20.6,0.25,36.37,5.27,22.76,Technology,63.9,Bullish,14.1,1.9,buy,686.25,600.52,699.62,95
HPQ,HP Inc.,46.7,📈 B급 (중립),B,10.7,25.0,7.0,0.0,4.0,6.9,-1.7,6.2,0.0,7.2,0.31,5.65,Technology,40.7,Neutral,-1.9,5.2,hold,19.01,18.44,19.99,96
CMS,CMS Energy Corporation,46.7,📈 B급 (중립),B,15.0,11.0,7.0,8.7,5.0,12.3,6.6,21.7,1.95,22.1,2.79,14.26,Utilities,80.0,Bullish,13.3,1.7,buy,77.8,72.03,79.15,97
BAX,Baxter International Inc.,46.7,📈 B급 (중립),B,11.0,25.0,2.0,4.7,4.0,8.0,0.0,7.4,1.6,9.24,0.87,8.71,Healthcare,36.3,Neutral,-2.0,13.7,hold,19.03,18.46,21.63,98
NEM,Newmont Corporation,46.7,📈 B급 (중립),B,19.3,13.0,2.0,5.4,7.0,20.6,-4.6,58.1,0.17,18.55,5.71,9.14,Basic Materials,47.0,Neutral,7.4,16.5,buy,118.52,115.62,138.13,99
JBL,Jabil Inc.,46.6,📈 B급 (중립),B,16.0,19.0,4.0,5.6,2.0,18.7,53.4,4.1,2.56,39.85,0.87,12.55,Technology,47.2,Neutral,6.7,4.0,none,254.24,245.36,264.5,100
FFIV,"F5, Inc.",46.6,📈 B급 (중립),B,18.0,15.0,6.0,4.6,3.0,7.3,9.9,26.0,0.08,23.31,5.09,16.96,Technology,49.5,Bullish,2.5,10.2,none,281.54,270.34,310.3,101
HAS,"Hasbro, Inc.",46.6,📈 B급 (중립),B,17.0,17.0,3.0,5.6,4.0,31.3,0.0,20.7,6.01,15.65,2.91,13.56,Consumer Cyclical,32.8,Neutral,6.9,16.5,strong_buy,97.63,90.99,113.71,102
GL,Globe Life Inc.,46.6,📈 B급 (중립),B,15.0,19.0,4.0,1.6,7.0,3.6,9.5,24.2,0.51,10.29,1.96,8.61,Financial Services,58.3,Bullish,3.0,18.9,buy,144.69,141.86,172.1,103
NTAP,"NetApp, Inc.",46.6,📈 B급 (중립),B,13.0,23.0,0.0,3.6,7.0,4.4,16.0,25.2,2.36,17.21,2.94,10.97,Technology,36.2,Bearish,3.5,21.0,buy,98.79,103.0,119.5,104
ROP,"Roper Technologies, Inc.",46.4,📈 B급 (중립),B,13.9,15.0,7.0,5.5,5.0,9.7,-7.3,28.6,0.48,25.07,4.85,14.64,Technology,54.4,Neutral,-2.3,29.8,none,356.0,345.32,462.19,105
PCG,PG&E Corporation,46.4,📈 B급 (중립),B,7.5,15.0,7.0,9.9,7.0,2.6,-3.3,21.3,1.87,16.03,1.67,10.43,Utilities,84.7,Bullish,27.6,17.3,buy,18.92,16.45,22.2,106
CMCSA,Comcast Corporation,46.2,📈 B급 (중립),B,4.0,25.0,5.0,8.2,4.0,1.2,-52.5,10.8,1.08,5.75,0.91,5.63,Communication Services,28.6,Neutral,7.0,6.5,hold,31.01,29.43,33.01,107
BBY,"Best Buy Co., Inc.",46.1,📈 B급 (중립),B,11.8,21.0,3.0,4.3,6.0,-1.0,371.7,5.0,1.39,21.77,0.33,6.29,Consumer Cyclical,43.5,Neutral,2.2,14.3,buy,65.95,67.13,75.35,108
KEY,KeyCorp,46.0,📈 B급 (중립),B,25.0,10.0,4.0,0.0,7.0,131.5,0.0,33.6,0.0,13.47,3.18,N/A,Financial Services,29.9,Neutral,-3.9,19.9,buy,20.47,21.29,24.55,109
OXY,Occidental Petroleum Corporation,45.9,📈 B급 (중립),B,21.0,5.0,10.0,7.9,2.0,148.9,0.0,10.3,0.64,39.76,2.45,7.39,Energy,74.4,Bullish,24.7,-3.4,hold,53.68,45.03,61.73,110
NEE,"NextEra Energy, Inc.",45.9,📈 B급 (중립),B,21.0,4.0,6.0,9.9,5.0,20.7,26.0,24.4,1.46,28.06,7.04,21.16,Utilities,56.9,Bullish,10.2,0.5,buy,92.59,85.7,93.05,111
BDX,"Becton, Dickinson and Company",45.8,📈 B급 (중립),B,17.0,15.0,4.0,3.8,6.0,1.6,28.6,13.3,0.77,28.51,2.88,11.32,Healthcare,53.6,Neutral,11.9,13.2,buy,174.21,164.84,197.15,112
HUM,Humana Inc.,45.8,📈 B급 (중립),B,12.8,23.0,5.0,0.0,5.0,11.3,0.0,-1.8,0.75,18.45,0.17,4.3,Healthcare,50.2,Bearish,-0.8,23.3,hold,181.58,176.13,223.88,113
CNP,"CenterPoint Energy, Inc.",45.7,📈 B급 (중립),B,13.0,9.0,10.0,8.7,5.0,10.7,5.2,21.5,2.07,27.12,3.03,14.14,Utilities,75.6,Bullish,13.0,1.3,buy,43.39,39.83,43.94,114
HII,"Huntington Ingalls Industries, Inc.",45.6,📈 B급 (중립),B,19.0,10.0,8.0,5.6,3.0,15.7,28.1,5.9,0.59,28.57,1.38,17.24,Industrials,67.7,Bullish,7.3,-8.9,buy,440.33,399.74,506.38,115
LULU,lululemon athletica inc.,45.5,📈 B급 (중립),B,11.5,19.0,5.0,5.0,5.0,7.1,-9.7,17.0,0.39,12.12,1.87,7.21,Consumer Cyclical,44.5,Bearish,-0.5,19.6,hold,174.27,169.04,208.35,116
GD,General Dynamics Corporation,45.4,📈 B급 (중립),B,16.0,6.0,12.0,5.4,6.0,7.8,0.4,10.1,0.38,23.59,1.88,16.7,Industrials,53.7,Bullish,7.5,8.2,buy,364.7,352.4,394.53,117
KMI,"Kinder Morgan, Inc.",45.4,📈 B급 (중립),B,25.0,0.0,7.0,9.4,4.0,13.1,49.3,30.3,1.0,24.79,4.46,15.34,Energy,93.3,Bullish,16.9,-3.2,buy,33.96,29.46,39.05,118
J,Jacobs Solutions Inc.,45.3,📈 B급 (중립),B,15.0,11.0,11.0,5.3,3.0,12.3,0.0,7.4,0.65,36.64,1.32,14.71,Industrials,38.6,Neutral,3.9,13.4,none,138.88,137.65,157.53,119
UNH,UnitedHealth Group Incorporated,45.2,📈 B급 (중립),B,8.0,19.0,3.0,7.2,8.0,12.3,-99.9,0.3,0.82,21.88,0.59,15.03,Healthcare,61.5,Neutral,3.4,26.1,buy,289.21,280.53,364.62,120
NI,NiSource Inc.,45.1,📈 B급 (중립),B,17.0,9.0,8.0,6.1,5.0,19.8,11.1,27.0,1.39,23.97,3.37,14.1,Utilities,65.6,Bullish,9.1,2.9,buy,46.74,43.69,48.08,121
ORCL,Oracle Corporation,45.0,📈 B급 (중립),B,17.0,15.0,4.0,0.0,9.0,14.2,90.9,32.0,4.33,28.01,7.02,20.58,Technology,38.9,Bearish,-4.7,80.5,buy,149.01,144.54,269.02,122
AMCR,Amcor plc,44.9,📊 C급 (약한 투자),C,10.0,19.0,4.0,8.9,3.0,68.1,-32.1,8.3,1.39,35.47,1.11,12.97,Consumer Cyclical,44.8,Neutral,11.4,13.4,none,47.17,44.65,53.49,123
ABBV,AbbVie Inc.,44.9,📊 C급 (약한 투자),C,21.0,5.0,8.0,4.9,6.0,10.0,0.0,34.1,0.0,99.09,6.76,16.29,Healthcare,63.6,Bullish,5.8,6.3,buy,233.86,223.94,248.69,124
CHTR,"Charter Communications, Inc.",44.8,📊 C급 (약한 투자),C,6.5,25.0,3.0,5.3,5.0,-2.3,2.4,24.7,4.82,6.34,0.54,5.98,Communication Services,31.8,Neutral,9.6,23.3,hold,229.41,213.7,282.81,125
AEP,"American Electric Power Company, Inc.",44.8,📊 C급 (약한 투자),C,10.1,11.0,10.0,8.7,5.0,13.2,-12.6,22.8,1.54,19.81,3.26,13.59,Utilities,75.3,Bullish,14.5,1.5,buy,131.92,120.4,133.92,126
JKHY,"Jack Henry & Associates, Inc.",44.8,📊 C급 (약한 투자),C,15.0,15.0,7.0,0.8,7.0,7.9,28.4,25.7,3.11,24.21,4.96,17.54,Technology,47.5,Neutral,-3.7,20.4,buy,168.75,176.54,203.21,127
KIM,Kimco Realty Corporation,44.7,📊 C급 (약한 투자),C,12.0,11.0,8.0,8.7,5.0,3.2,-6.8,33.0,0.79,28.7,7.45,18.43,Real Estate,69.9,Bullish,15.1,3.6,buy,23.53,21.38,24.38,128
ALGN,"Align Technology, Inc.",44.7,📊 C급 (약한 투자),C,18.0,9.0,3.0,8.7,6.0,5.3,35.6,22.4,2.83,32.38,3.28,14.14,Healthcare,36.1,Neutral,13.8,9.9,buy,182.64,172.74,200.67,129
XEL,Xcel Energy Inc.,44.7,📊 C급 (약한 투자),C,17.0,6.0,10.0,8.7,3.0,14.1,20.8,16.7,1.53,24.32,3.35,14.66,Utilities,73.9,Bullish,13.8,6.9,strong_buy,83.17,76.88,88.94,130
BIO,"Bio-Rad Laboratories, Inc.",44.7,📊 C급 (약한 투자),C,12.0,16.0,4.0,5.7,7.0,3.9,0.0,8.9,0.19,10.06,2.93,17.16,Healthcare,36.7,Bearish,-3.6,15.6,buy,280.19,271.78,324.0,131
META,"Meta Platforms, Inc.",44.6,📊 C급 (약한 투자),C,25.0,11.0,1.0,2.6,5.0,23.8,10.7,41.3,0.39,27.85,8.25,16.3,Communication Services,42.3,Bearish,-5.1,31.8,strong_buy,655.08,656.74,863.2,132
DOC,"Healthpeak Properties, Inc.",44.5,📊 C급 (약한 투자),C,18.0,9.0,8.0,3.5,6.0,3.1,2448.4,20.1,1.22,174.9,4.31,14.54,Real Estate,60.1,Bullish,6.2,13.6,buy,17.49,16.84,19.88,133
MOS,The Mosaic Company,44.5,📊 C급 (약한 투자),C,12.0,21.0,2.0,2.5,7.0,5.6,0.0,2.8,0.43,15.75,0.71,6.05,Basic Materials,32.0,Neutral,0.4,18.5,buy,26.78,27.16,31.75,134
NOW,"ServiceNow, Inc.",44.5,📊 C급 (약한 투자),C,20.0,6.0,7.0,5.5,6.0,20.7,3.4,16.5,0.19,67.38,8.99,41.82,Technology,59.0,Neutral,-1.9,68.3,strong_buy,113.19,109.79,190.55,135
VRSN,"VeriSign, Inc.",44.1,📊 C급 (약한 투자),C,21.0,9.0,3.0,4.1,7.0,7.6,11.8,67.0,0.0,26.75,13.17,19.79,Technology,68.8,Neutral,-3.7,17.6,buy,235.42,236.85,276.75,136
DECK,Deckers Outdoor Corporation,44.1,📊 C급 (약한 투자),C,21.0,13.0,3.0,0.1,7.0,7.1,11.0,31.4,0.13,15.61,2.98,10.18,Consumer Cyclical,35.9,Neutral,-3.3,17.0,buy,109.86,108.45,128.52,137
HWM,Howmet Aerospace Inc.,44.0,📊 C급 (약한 투자),C,23.0,0.0,10.0,8.0,3.0,14.6,20.3,26.3,0.6,69.96,12.63,44.49,Industrials,79.6,Bullish,27.2,6.9,strong_buy,258.84,225.17,276.65,138
EPAM,"EPAM Systems, Inc.",44.0,📊 C급 (약한 투자),C,11.0,23.0,2.0,0.0,8.0,12.8,9.9,11.9,3.91,20.98,1.43,9.15,Technology,23.5,Bearish,-30.9,38.5,buy,140.77,136.55,194.94,139
TER,"Teradyne, Inc.",43.9,📊 C급 (약한 투자),C,30.0,0.0,4.0,5.9,4.0,43.9,81.4,30.3,0.1,87.67,14.93,58.61,Technology,49.8,Neutral,24.1,-0.5,buy,304.22,256.23,349.85,140
MGM,MGM Resorts International,43.8,📊 C급 (약한 투자),C,12.0,10.0,10.0,4.8,7.0,6.0,115.7,7.1,9.63,47.17,0.56,16.69,Consumer Cyclical,45.1,Neutral,9.2,18.9,buy,35.85,35.54,42.61,141
TMUS,"T-Mobile US, Inc.",43.8,📊 C급 (약한 투자),C,6.0,17.0,8.0,5.8,7.0,11.3,-26.6,18.4,2.09,22.48,2.77,10.93,Communication Services,69.2,Bullish,14.8,22.9,buy,218.53,200.28,268.52,142
EXR,Extra Space Storage Inc.,43.7,📊 C급 (약한 투자),C,18.0,4.0,8.0,8.7,5.0,4.6,15.8,44.5,0.99,32.7,9.63,20.5,Real Estate,63.3,Bullish,12.9,1.2,buy,149.76,140.44,151.5,143
LKQ,LKQ Corporation,43.7,📊 C급 (약한 투자),C,4.0,23.0,2.0,6.7,8.0,2.7,-57.7,6.4,0.77,13.95,0.6,8.69,Consumer Cyclical,34.2,Neutral,1.2,27.1,buy,32.22,32.67,40.94,144
SOLV,Solventum Corporation,43.5,📊 C급 (약한 투자),C,11.3,21.0,2.0,1.2,8.0,-3.7,100.8,4.4,1.04,8.13,1.48,14.95,Healthcare,28.7,Bearish,-5.8,27.3,buy,70.81,68.69,90.17,145
INVH,Invitation Homes Inc.,43.5,📊 C급 (약한 투자),C,15.0,11.0,8.0,2.5,7.0,4.3,2.4,27.0,0.88,27.38,5.93,16.33,Real Estate,36.7,Bearish,2.3,20.5,buy,26.28,26.77,31.67,146
AIG,"American International Group, Inc.",43.1,📊 C급 (약한 투자),C,6.7,17.0,8.0,5.4,6.0,-7.2,-5.6,13.8,0.24,14.56,1.6,5.07,Financial Services,68.6,Bullish,9.1,10.2,buy,79.06,78.44,87.1,147
DUK,Duke Energy Corporation,43.1,📊 C급 (약한 투자),C,9.7,9.0,10.0,9.4,5.0,8.0,-2.2,28.1,1.72,20.83,3.22,11.99,Utilities,79.1,Bullish,13.1,3.7,buy,131.43,120.62,136.24,148
VRTX,Vertex Pharmaceuticals Incorporated,43.0,📊 C급 (약한 투자),C,24.0,0.0,10.0,3.0,6.0,9.5,32.9,39.6,0.11,30.96,10.04,23.82,Healthcare,54.5,Neutral,2.6,12.9,buy,474.27,466.82,535.56,149
CCL,Carnival Corporation & plc,43.0,📊 C급 (약한 투자),C,14.0,19.0,2.0,0.0,8.0,6.6,35.8,9.7,2.28,14.12,1.48,9.16,Consumer Cyclical,30.4,Neutral,-9.5,33.2,buy,28.53,27.67,38.0,150
CFG,"Citizens Financial Group, Inc.",43.0,📊 C급 (약한 투자),C,26.0,6.0,4.0,0.0,7.0,10.7,34.8,32.2,0.0,15.46,3.36,N/A,Financial Services,26.3,Neutral,-5.2,22.4,buy,59.68,62.17,73.05,151
MSI,"Motorola Solutions, Inc.",42.9,📊 C급 (약한 투자),C,13.0,11.0,7.0,9.9,2.0,12.3,8.6,27.8,4.02,37.61,6.85,25.03,Technology,82.7,Bullish,21.1,4.5,none,480.22,412.9,502.0,152
PSX,Phillips 66,42.6,📊 C급 (약한 투자),C,16.0,10.0,6.0,6.6,4.0,1.3,242728.4,2.7,0.71,14.81,0.48,12.84,Energy,56.4,Bullish,15.4,-1.2,buy,159.78,143.5,183.75,153
ICE,"Intercontinental Exchange, Inc.",42.5,📊 C급 (약한 투자),C,22.0,0.0,8.0,5.5,7.0,7.8,23.4,49.6,0.7,28.56,9.46,18.32,Financial Services,50.0,Neutral,-2.7,18.9,buy,164.78,164.47,196.0,154
MKTX,MarketAxess Holdings Inc.,42.4,📊 C급 (약한 투자),C,22.0,0.0,7.0,9.4,4.0,3.5,45.3,36.8,0.25,29.16,8.5,15.49,Financial Services,81.4,Bullish,19.1,-0.4,buy,193.61,175.59,222.65,155
BWA,BorgWarner Inc.,42.4,📊 C급 (약한 투자),C,13.0,15.0,4.0,2.4,8.0,3.9,0.0,11.3,0.72,42.28,0.81,6.63,Consumer Cyclical,50.5,Neutral,14.9,27.2,buy,54.12,51.1,68.85,156
FICO,Fair Isaac Corporation,42.0,📊 C급 (약한 투자),C,21.0,0.0,7.0,6.0,8.0,16.4,7.7,45.7,0.0,53.47,16.65,37.19,Technology,57.7,Neutral,2.0,36.1,buy,1448.02,1514.69,1971.29,157
SCHW,The Charles Schwab Corporation,42.0,📊 C급 (약한 투자),C,23.0,2.0,9.0,0.0,8.0,18.9,41.1,49.7,1.15,20.48,7.23,N/A,Financial Services,40.2,Bearish,-7.0,27.0,buy,95.24,99.86,121.0,158
CSCO,"Cisco Systems, Inc.",42.0,📊 C급 (약한 투자),C,22.0,11.0,3.0,3.0,3.0,9.7,31.2,24.9,0.67,28.4,5.28,20.12,Technology,32.7,Neutral,0.1,12.5,none,78.96,77.87,88.81,159
CBOE,"Cboe Global Markets, Inc.",41.9,📊 C급 (약한 투자),C,24.0,0.0,7.0,9.9,1.0,8.7,60.5,36.2,0.31,29.24,6.76,19.13,Financial Services,81.2,Bullish,17.8,-7.3,hold,304.43,269.65,350.09,160
PFE,Pfizer Inc.,41.9,📊 C급 (약한 투자),C,12.8,19.0,3.0,1.1,6.0,-1.2,0.0,23.9,0.78,19.54,2.41,7.99,Healthcare,35.7,Neutral,1.9,6.9,buy,26.58,25.95,28.43,161
BRO,"Brown & Brown, Inc.",41.9,📊 C급 (약한 투자),C,17.6,9.0,5.0,5.3,5.0,36.2,-16.2,23.2,0.63,22.84,4.28,15.86,Financial Services,73.6,Neutral,3.6,15.6,hold,72.16,75.17,83.43,162
VTR,"Ventas, Inc.",41.9,📊 C급 (약한 투자),C,21.0,7.0,2.0,5.9,6.0,21.4,10.1,20.3,1.02,160.19,7.06,24.4,Real Estate,66.9,Bullish,13.9,5.1,buy,86.5,80.17,90.9,163
DXCM,"DexCom, Inc.",41.8,📊 C급 (약한 투자),C,24.0,4.0,8.0,1.8,4.0,13.1,78.0,25.6,0.51,34.97,6.11,23.65,Healthcare,65.6,Bullish,2.9,17.5,strong_buy,73.08,70.36,85.85,164
MRK,"Merck & Co., Inc.",41.8,📊 C급 (약한 투자),C,12.1,15.0,4.0,4.7,6.0,5.0,-19.3,32.8,0.96,16.44,4.56,11.42,Healthcare,56.7,Neutral,7.9,6.4,buy,119.83,112.97,127.46,165
NWSA,News Corporation,41.7,📊 C급 (약한 투자),C,11.5,13.0,7.0,1.2,9.0,5.5,-9.9,17.1,0.31,30.92,1.59,12.44,Communication Services,52.3,Neutral,-8.9,43.0,buy,23.81,23.1,34.05,166
AVB,"AvalonBay Communities, Inc.",41.7,📊 C급 (약한 투자),C,9.0,11.0,9.0,6.7,6.0,3.7,-40.9,30.6,0.8,23.99,8.26,18.59,Real Estate,49.7,Neutral,3.3,11.6,buy,177.32,178.31,197.97,167
ADSK,"Autodesk, Inc.",41.7,📊 C급 (약한 투자),C,19.0,4.0,7.0,6.7,5.0,19.4,6.5,27.1,0.9,49.3,7.49,28.47,Technology,55.8,Neutral,1.3,30.9,strong_buy,253.4,261.22,331.75,168
MPC,Marathon Petroleum Corporation,41.7,📊 C급 (약한 투자),C,11.9,8.0,12.0,6.8,3.0,-0.5,350.7,7.0,1.43,16.02,0.48,10.28,Energy,58.0,Bullish,22.6,-5.7,buy,211.98,182.42,243.78,169
CME,CME Group Inc.,41.5,📊 C급 (약한 투자),C,24.0,0.0,8.0,8.5,1.0,8.0,35.0,63.8,0.13,29.16,17.96,25.23,Financial Services,66.4,Bullish,14.0,-6.8,hold,325.13,288.73,373.9,170
AAPL,Apple Inc.,41.5,📊 C급 (약한 투자),C,20.0,11.0,3.0,1.5,6.0,15.7,18.3,35.4,1.03,33.34,8.9,25.48,Technology,41.6,Neutral,-0.1,11.2,buy,263.75,264.85,293.29,171
FITB,Fifth Third Bancorp,41.0,📊 C급 (약한 투자),C,25.0,4.0,4.0,1.0,7.0,11.6,20.9,41.1,0.0,14.04,5.34,N/A,Financial Services,29.9,Neutral,-2.4,16.4,buy,49.57,50.48,57.67,172
GILD,"Gilead Sciences, Inc.",41.0,📊 C급 (약한 투자),C,18.0,9.0,4.0,4.0,6.0,4.7,23.4,37.4,1.13,21.77,6.23,13.68,Healthcare,50.8,Neutral,5.6,5.9,buy,147.83,136.4,156.59,173
VLO,Valero Energy Corporation,41.0,📊 C급 (약한 투자),C,14.6,4.0,10.0,9.4,3.0,-2.1,317.9,5.9,0.44,28.72,0.58,9.87,Energy,70.2,Bullish,23.7,-8.2,buy,217.71,186.09,250.37,174
MCD,McDonald's Corporation,40.9,📊 C급 (약한 투자),C,19.0,0.0,12.0,4.9,5.0,9.7,8.2,45.1,0.0,27.77,8.82,19.87,Consumer Cyclical,59.8,Bullish,7.0,2.9,buy,332.17,315.7,341.72,175
FCX,Freeport-McMoRan Inc.,40.8,📊 C급 (약한 투자),C,16.7,0.0,12.0,7.1,5.0,-1.5,47.7,14.4,0.34,43.14,3.64,12.39,Basic Materials,55.9,Bullish,10.1,1.4,buy,65.57,59.64,66.47,176
DVA,DaVita Inc.,40.8,📊 C급 (약한 투자),C,9.0,23.0,2.0,4.8,2.0,9.9,6.5,15.2,11.11,15.99,0.75,8.78,Healthcare,69.8,Bullish,39.1,-0.4,hold,152.27,125.27,175.11,177
CRL,"Charles River Laboratories International, Inc.",40.8,📊 C급 (약한 투자),C,8.8,19.0,7.0,0.0,6.0,-0.8,0.0,4.5,0.82,14.66,2.15,12.68,Healthcare,45.6,Neutral,-15.4,12.2,buy,175.69,170.42,197.2,178
BIIB,Biogen Inc.,40.7,📊 C급 (약한 투자),C,10.6,19.0,4.0,1.1,6.0,-7.1,0.0,19.6,0.36,20.91,2.73,8.28,Healthcare,43.1,Neutral,4.9,11.8,buy,184.02,182.04,205.67,179
GEHC,GE HealthCare Technologies Inc.,40.7,📊 C급 (약한 투자),C,9.3,21.0,0.0,3.4,7.0,7.1,-17.7,15.7,0.99,17.17,1.73,11.48,Healthcare,45.9,Bearish,-0.3,19.4,buy,78.13,75.79,93.25,180
UPS,"United Parcel Service, Inc.",40.4,📊 C급 (약한 투자),C,8.4,17.0,3.0,7.0,5.0,-3.2,4.6,10.7,1.76,17.26,1.08,9.73,Industrials,39.7,Neutral,6.3,0.1,buy,113.23,108.21,113.36,181
ISRG,"Intuitive Surgical, Inc.",40.4,📊 C급 (약한 투자),C,22.0,0.0,7.0,4.4,7.0,18.8,16.6,30.2,0.95,63.28,17.55,48.06,Healthcare,51.3,Neutral,2.3,22.6,buy,497.42,482.5,609.82,182
FDS,FactSet Research Systems Inc.,40.4,📊 C급 (약한 투자),C,18.0,9.0,3.0,4.4,6.0,6.8,4.4,32.6,0.72,14.19,3.53,10.35,Financial Services,60.7,Neutral,-7.8,37.0,hold,222.87,216.18,305.24,183
FTNT,"Fortinet, Inc.",40.3,📊 C급 (약한 투자),C,16.8,11.0,6.0,2.5,4.0,14.8,-1.1,32.8,0.86,33.51,8.87,25.82,Technology,41.4,Bullish,1.9,9.8,hold,81.1,80.11,89.06,184
OKE,"ONEOK, Inc.",40.3,📊 C급 (약한 투자),C,13.8,8.0,6.0,7.5,5.0,29.5,-1.5,17.0,1.46,15.64,1.59,11.78,Energy,53.6,Bullish,14.7,4.4,buy,84.78,77.73,88.53,185
BEN,"Franklin Resources, Inc.",40.2,📊 C급 (약한 투자),C,19.0,11.0,3.0,5.2,2.0,3.4,60.6,16.5,0.25,24.54,1.56,9.94,Financial Services,36.0,Neutral,0.1,3.3,none,26.5,25.93,27.36,186
ATO,Atmos Energy Corporation,40.2,📊 C급 (약한 투자),C,18.0,4.0,7.0,9.2,2.0,14.2,9.4,38.8,0.67,24.28,6.32,16.74,Utilities,83.4,Bullish,14.5,-2.7,hold,186.0,171.22,213.9,187
EVRG,"Evergy, Inc.",40.0,📊 C급 (약한 투자),C,11.0,6.0,10.0,8.0,5.0,6.6,4.7,17.7,1.5,23.06,3.26,12.72,Utilities,73.6,Bullish,13.3,2.9,buy,84.41,76.87,86.86,188
ZBRA,Zebra Technologies Corporation,40.0,📊 C급 (약한 투자),C,10.0,21.0,0.0,0.0,9.0,10.6,-55.8,15.1,0.75,27.55,2.12,13.87,Technology,34.4,Bearish,-4.7,50.5,buy,225.38,218.62,339.19,189
AMD,"Advanced Micro Devices, Inc.",40.0,📊 C급 (약한 투자),C,27.0,4.0,0.0,0.0,9.0,34.1,217.1,17.1,0.06,72.88,8.99,45.19,Technology,33.0,Bearish,-20.3,51.7,buy,190.95,185.22,289.72,190
STX,Seagate Technology Holdings plc,40.0,📊 C급 (약한 투자),C,20.0,13.0,2.0,0.0,5.0,21.5,67.7,29.9,10.47,40.5,7.97,28.66,Technology,39.3,Neutral,-15.2,32.9,none,357.62,360.18,475.35,191
BX,Blackstone Inc.,40.0,📊 C급 (약한 투자),C,29.0,0.0,2.0,0.0,9.0,50.6,42.5,52.8,0.67,28.66,9.6,N/A,Financial Services,22.8,Bearish,-18.4,48.4,buy,110.92,107.59,164.61,192
PNC,"The PNC Financial Services Group, Inc.",40.0,📊 C급 (약한 투자),C,23.0,4.0,4.0,2.0,7.0,9.6,29.1,39.3,0.0,12.83,3.86,N/A,Financial Services,24.3,Neutral,-4.2,18.2,buy,213.05,221.1,251.9,193
AOS,A. O. Smith Corporation,40.0,📊 C급 (약한 투자),C,16.0,9.0,5.0,6.0,4.0,0.0,19.1,18.0,0.11,19.64,2.73,12.88,Industrials,28.0,Neutral,3.4,5.7,hold,75.63,73.33,79.91,194
MHK,"Mohawk Industries, Inc.",40.0,📊 C급 (약한 투자),C,5.0,23.0,4.0,0.0,8.0,2.4,-52.1,7.1,0.29,19.19,0.65,6.29,Consumer Cyclical,11.6,Neutral,-3.6,26.5,buy,113.8,110.39,144.0,195
USB,U.S. Bancorp,40.0,📊 C급 (약한 투자),C,23.0,6.0,4.0,0.0,7.0,5.3,24.7,39.3,0.0,11.69,3.18,N/A,Financial Services,27.7,Neutral,-3.7,18.9,buy,53.99,56.01,64.18,196
CTAS,Cintas Corporation,39.9,📊 C급 (약한 투자),C,19.0,0.0,12.0,4.9,4.0,9.3,11.0,23.4,0.73,43.63,7.5,29.36,Industrials,56.0,Bullish,8.0,7.5,hold,201.55,193.16,216.68,197
AKAM,"Akamai Technologies, Inc.",39.7,📊 C급 (약한 투자),C,6.0,15.0,6.0,6.7,6.0,7.4,-37.4,13.8,1.14,33.25,3.51,16.33,Technology,57.7,Bullish,7.8,6.4,buy,102.08,94.74,108.59,198
EQIX,"Equinix, Inc.",39.7,📊 C급 (약한 투자),C,15.0,0.0,10.0,8.7,6.0,8.1,0.0,21.5,1.6,70.44,10.31,28.62,Real Estate,74.9,Bullish,22.8,5.3,buy,972.01,831.27,1023.27,199
PPL,PPL Corporation,39.7,📊 C급 (약한 투자),C,14.0,4.0,8.0,7.7,6.0,2.8,49.9,18.9,1.31,24.06,3.18,13.31,Utilities,67.7,Bullish,9.0,6.0,buy,38.25,36.14,40.53,200
STLD,"Steel Dynamics, Inc.",39.6,📊 C급 (약한 투자),C,19.0,8.0,6.0,5.6,1.0,14.0,34.7,7.0,0.49,24.68,1.6,15.88,Basic Materials,46.1,Bullish,8.0,-1.3,strong_buy,197.45,183.07,227.07,201
TFC,Truist Financial Corporation,39.6,📊 C급 (약한 투자),C,19.0,6.0,4.0,3.6,7.0,3.2,10.8,32.7,0.0,12.91,3.42,N/A,Financial Services,29.4,Neutral,-3.3,15.6,buy,49.3,50.76,57.0,202
OTIS,Otis Worldwide Corporation,39.5,📊 C급 (약한 투자),C,16.0,2.0,12.0,3.5,6.0,3.3,13.5,15.6,0.0,26.4,2.5,17.03,Industrials,58.2,Bullish,9.9,10.9,buy,92.39,89.32,102.43,203
IVZ,Invesco Ltd.,39.5,📊 C급 (약한 투자),C,18.0,16.0,0.0,1.5,4.0,6.2,0.0,20.4,0.17,8.32,1.76,12.28,Financial Services,38.2,Bearish,-4.7,19.0,none,25.33,24.57,30.14,204
AVGO,Broadcom Inc.,39.5,📊 C급 (약한 투자),C,23.0,7.0,2.0,1.5,6.0,16.4,188.1,31.8,1.66,65.79,23.29,4.52,Technology,28.7,Bearish,-3.0,44.4,strong_buy,313.84,304.42,453.06,205
BAC,Bank of America Corporation,39.5,📊 C급 (약한 투자),C,23.0,6.0,2.0,0.5,8.0,7.2,21.2,41.6,0.0,13.12,3.4,N/A,Financial Services,27.0,Bearish,-5.3,25.1,buy,49.97,48.47,62.52,206
GPN,Global Payments Inc.,39.4,📊 C급 (약한 투자),C,8.0,11.0,10.0,2.4,8.0,0.0,-59.2,27.9,0.93,17.54,2.82,10.61,Industrials,57.8,Neutral,10.1,31.1,buy,77.7,76.0,101.85,207
RCL,Royal Caribbean Cruises Ltd.,39.2,📊 C급 (약한 투자),C,18.0,9.0,4.0,1.2,7.0,13.3,37.1,22.0,2.15,19.3,4.58,15.51,Consumer Cyclical,27.9,Neutral,-7.6,20.6,buy,301.31,304.79,363.5,208
YUM,"Yum! Brands, Inc.",39.2,📊 C급 (약한 투자),C,23.0,0.0,2.0,8.2,6.0,6.5,27.7,31.9,0.0,28.92,5.42,19.53,Consumer Cyclical,54.6,Neutral,5.4,7.0,buy,160.48,156.91,171.75,209
PNW,Pinnacle West Capital Corporation,39.1,📊 C급 (약한 투자),C,9.0,8.0,10.0,10.1,2.0,3.0,0.0,11.0,1.98,21.03,2.3,13.04,Utilities,79.2,Bullish,13.4,-0.3,hold,102.0,92.85,117.3,210
BG,Bunge Global SA,39.0,📊 C급 (약한 투자),C,10.0,19.0,4.0,3.0,3.0,75.5,-88.8,1.3,0.91,23.66,0.32,18.11,Consumer Defensive,47.1,Neutral,5.1,11.1,strong_buy,116.62,108.31,129.6,211
FOXA,Fox Corporation,39.0,📊 C급 (약한 투자),C,6.0,21.0,4.0,0.0,8.0,2.0,-35.8,11.3,0.67,13.76,1.47,8.51,Communication Services,33.4,Bearish,-18.6,25.1,buy,57.36,55.64,71.76,212
TPR,"Tapestry, Inc.",39.0,📊 C급 (약한 투자),C,18.0,2.0,6.0,8.0,5.0,14.0,94.2,28.8,7.15,59.85,4.21,18.82,Consumer Cyclical,51.9,Bullish,21.3,3.7,buy,154.42,138.56,160.21,213
APA,APA Corporation,39.0,📊 C급 (약한 투자),C,3.3,17.0,10.0,7.7,1.0,-28.0,-18.2,30.6,0.69,7.62,1.31,3.2,Energy,70.5,Bullish,25.2,-11.4,hold,31.85,26.35,36.63,214
PLTR,Palantir Technologies Inc.,39.0,📊 C급 (약한 투자),C,23.0,0.0,7.0,1.0,8.0,70.0,647.6,40.9,3.06,233.68,78.67,239.73,Technology,59.1,Neutral,1.8,26.6,buy,147.22,142.8,186.41,215
COF,Capital One Financial Corporation,39.0,📊 C급 (약한 투자),C,28.0,2.0,0.0,0.0,9.0,51.6,22.2,22.9,0.0,57.83,3.68,N/A,Financial Services,33.4,Bearish,-10.9,42.8,buy,193.73,187.92,276.71,216
CCI,Crown Castle Inc.,39.0,📊 C급 (약한 투자),C,14.1,4.0,6.0,8.9,6.0,-4.3,0.0,49.2,0.0,35.82,9.23,24.79,Real Estate,62.8,Neutral,8.4,9.6,buy,90.26,86.94,98.91,217
AEE,Ameren Corporation,38.9,📊 C급 (약한 투자),C,9.2,6.0,10.0,8.7,5.0,-8.8,19.5,24.6,1.47,20.93,3.65,13.71,Utilities,72.0,Bullish,11.5,3.2,buy,111.99,104.38,115.54,218
GE,GE Aerospace,38.8,📊 C급 (약한 투자),C,20.0,0.0,8.0,7.8,3.0,17.6,37.4,19.5,1.14,41.51,7.69,33.66,Industrials,63.5,Bullish,10.4,8.6,strong_buy,334.14,318.26,362.83,219
NOC,Northrop Grumman Corporation,38.8,📊 C급 (약한 투자),C,15.0,2.0,10.0,7.8,4.0,9.6,15.2,16.5,1.07,26.11,2.58,17.77,Industrials,70.7,Bullish,13.3,-4.6,buy,759.11,658.83,872.98,220
PKG,Packaging Corporation of America,38.7,📊 C급 (약한 투자),C,10.0,13.0,3.0,7.7,5.0,10.1,-56.5,13.6,0.95,26.94,2.32,12.77,Consumer Cyclical,34.3,Neutral,5.6,0.2,buy,231.42,223.11,231.9,221
ZTS,Zoetis Inc.,38.7,📊 C급 (약한 투자),C,12.0,11.0,2.0,6.7,7.0,3.0,6.1,34.7,2.8,20.92,5.86,14.8,Healthcare,45.8,Neutral,3.0,19.9,buy,125.93,125.8,151.0,222
MMC,"Marsh & McLennan Companies, Inc.",38.7,📊 C급 (약한 투자),C,15.0,7.0,6.0,3.7,7.0,11.5,0.0,19.2,1.4,21.93,3.4,14.05,Financial Services,69.1,Neutral,0.0,15.3,buy,182.7,182.36,210.71,223
TYL,"Tyler Technologies, Inc.",38.7,📊 C급 (약한 투자),C,16.0,2.0,7.0,6.7,7.0,6.3,1.1,13.2,0.17,51.0,6.77,35.26,Technology,52.1,Neutral,3.4,19.8,buy,367.22,356.2,439.9,224
RF,Regions Financial Corporation,38.6,📊 C급 (약한 투자),C,21.0,8.0,2.0,3.6,4.0,15.6,0.0,47.0,0.0,12.06,3.45,N/A,Financial Services,30.1,Neutral,-1.7,11.5,hold,27.74,28.4,30.94,225
NUE,Nucor Corporation,38.6,📊 C급 (약한 투자),C,17.0,6.0,5.0,4.6,6.0,8.6,34.2,6.9,0.33,23.59,1.25,11.15,Basic Materials,27.8,Neutral,0.2,5.6,buy,177.4,175.62,187.31,226
DIS,The Walt Disney Company,38.5,📊 C급 (약한 투자),C,12.4,17.0,0.0,1.1,8.0,5.2,-4.3,15.4,0.41,15.21,1.91,11.89,Communication Services,34.4,Bearish,1.1,26.4,buy,103.3,100.2,130.57,227
SYF,Synchrony Financial,38.5,📊 C급 (약한 투자),C,19.0,10.0,0.0,1.5,8.0,5.0,7.8,48.5,0.0,7.4,2.53,N/A,Financial Services,37.6,Bearish,-4.1,31.5,buy,68.66,66.6,90.26,228
AMAT,"Applied Materials, Inc.",38.4,📊 C급 (약한 투자),C,18.6,2.0,4.0,6.8,7.0,-2.1,75.2,29.9,0.33,35.96,9.88,31.22,Technology,58.3,Bullish,9.3,16.5,buy,351.32,317.67,409.22,229
RTX,RTX Corporation,38.4,📊 C급 (약한 투자),C,17.0,2.0,8.0,5.4,6.0,12.1,8.3,11.0,0.6,41.64,3.13,21.15,Industrials,63.8,Bullish,5.2,5.0,buy,206.52,194.9,216.92,230
WMB,"The Williams Companies, Inc.",38.1,📊 C급 (약한 투자),C,19.0,0.0,7.0,7.1,5.0,8.7,50.8,41.2,1.97,35.46,7.84,18.36,Energy,91.2,Bullish,16.5,1.1,buy,75.88,65.67,76.75,231
CDNS,"Cadence Design Systems, Inc.",38.1,📊 C급 (약한 투자),C,21.0,0.0,7.0,6.1,4.0,6.2,14.6,32.8,0.49,74.05,15.47,42.7,Technology,50.7,Neutral,6.1,23.7,strong_buy,300.63,305.45,371.82,232
MA,Mastercard Incorporated,38.1,📊 C급 (약한 투자),C,20.0,0.0,9.0,4.1,5.0,17.6,24.2,57.7,2.56,31.74,14.27,23.2,Financial Services,42.3,Bearish,-3.4,25.9,strong_buy,524.32,544.33,660.23,233
JNJ,Johnson & Johnson,38.0,📊 C급 (약한 투자),C,22.0,4.0,2.0,7.0,3.0,9.1,48.6,24.0,0.6,22.37,6.31,18.44,Healthcare,66.0,Bullish,9.7,-5.1,buy,246.75,224.29,283.76,234
LLY,Eli Lilly and Company,38.0,📊 C급 (약한 투자),C,27.0,2.0,0.0,2.0,7.0,42.6,51.4,44.9,1.65,43.85,13.84,29.56,Healthcare,46.6,Bearish,-1.2,20.5,buy,1007.73,1050.34,1214.34,235
EBAY,eBay Inc.,37.9,📊 C급 (약한 투자),C,9.2,11.0,8.0,5.7,4.0,15.0,-18.4,16.2,1.56,21.04,3.65,16.37,Consumer Cyclical,53.1,Neutral,-2.3,10.3,hold,89.63,88.67,98.9,236
UAL,"United Airlines Holdings, Inc.",37.8,📊 C급 (약한 투자),C,7.0,25.0,0.0,0.8,5.0,4.8,8.1,9.1,2.03,10.05,0.56,6.7,Industrials,37.1,Bearish,-2.3,35.2,strong_buy,102.54,99.46,138.6,237
SWKS,"Skyworks Solutions, Inc.",37.7,📊 C급 (약한 투자),C,4.4,23.0,0.0,5.3,5.0,-3.1,-47.0,14.7,0.21,22.28,2.16,8.86,Technology,36.0,Bearish,5.7,16.8,hold,58.15,60.06,67.89,238
LOW,"Lowe's Companies, Inc.",37.7,📊 C급 (약한 투자),C,11.4,15.0,4.0,1.3,6.0,10.9,-10.8,8.3,0.0,21.32,1.68,15.22,Consumer Cyclical,25.2,Neutral,-2.1,11.6,buy,257.7,265.52,287.47,239
FMC,FMC Corporation,37.6,📊 C급 (약한 투자),C,7.7,23.0,0.0,0.9,6.0,-11.5,0.0,33.1,2.0,5.76,0.5,8.02,Basic Materials,32.5,Bearish,-9.4,32.3,hold,13.84,13.42,18.31,240
WST,"West Pharmaceutical Services, Inc.",37.6,📊 C급 (약한 투자),C,18.0,2.0,7.0,5.6,5.0,7.5,2.1,21.6,0.1,37.02,5.89,21.77,Healthcare,58.1,Neutral,8.0,26.6,strong_buy,251.38,256.01,318.36,241
TROW,"T. Rowe Price Group, Inc.",37.6,📊 C급 (약한 투자),C,12.0,17.0,5.0,0.6,3.0,6.0,3.6,32.2,3.89,10.11,2.79,6.28,Financial Services,40.0,Bearish,-10.2,9.3,none,93.42,90.62,102.08,242
CPT,Camden Property Trust,37.6,📊 C급 (약한 투자),C,18.0,9.0,0.0,4.6,6.0,2.2,287.6,19.8,0.88,30.56,7.25,17.2,Real Estate,41.7,Bearish,3.0,6.7,buy,108.19,108.54,115.48,243
LIN,Linde plc,37.5,📊 C급 (약한 투자),C,12.6,0.0,10.0,9.9,5.0,5.8,-9.4,28.2,0.71,34.36,6.84,19.26,Basic Materials,77.1,Bullish,11.2,2.1,buy,501.68,456.19,512.43,244
AMGN,Amgen Inc.,37.5,📊 C급 (약한 투자),C,17.0,9.0,0.0,8.5,3.0,8.6,112.1,30.5,6.4,26.53,5.53,15.02,Healthcare,62.8,Bullish,12.3,-7.2,buy,377.0,348.25,433.55,245
PSA,Public Storage,37.5,📊 C급 (약한 투자),C,8.1,7.0,8.0,9.4,5.0,3.3,-19.3,46.2,1.1,34.02,11.12,19.99,Real Estate,65.3,Bullish,14.8,0.2,buy,306.14,282.56,306.67,246
HRL,Hormel Foods Corporation,37.5,📊 C급 (약한 투자),C,12.0,7.0,10.0,2.5,6.0,1.3,6.5,7.4,0.36,27.64,1.11,12.8,Consumer Defensive,52.3,Neutral,2.7,12.3,buy,24.6,24.18,27.62,247
IDXX,"IDEXX Laboratories, Inc.",37.4,📊 C급 (약한 투자),C,21.0,0.0,5.0,4.4,7.0,14.3,17.9,29.8,0.61,48.55,11.79,34.15,Healthcare,46.1,Bearish,1.5,18.0,buy,635.54,616.47,750.23,248
DVN,Devon Energy Corporation,37.3,📊 C급 (약한 투자),C,6.3,11.0,6.0,8.0,6.0,-12.1,-8.5,22.7,0.56,10.55,1.7,4.63,Energy,52.7,Bullish,11.8,12.0,buy,44.0,39.77,49.3,249
PEG,Public Service Enterprise Group Incorporated,37.2,📊 C급 (약한 투자),C,15.0,8.0,4.0,4.2,6.0,18.3,10.5,18.1,1.43,20.18,3.44,14.65,Utilities,53.4,Neutral,6.7,5.7,buy,83.96,81.56,88.74,250
PHM,"PulteGroup, Inc.",37.2,📊 C급 (약한 투자),C,3.7,21.0,3.0,3.5,6.0,-6.3,-42.1,16.3,0.18,11.87,1.47,8.3,Consumer Cyclical,39.6,Neutral,6.1,8.6,buy,132.03,129.35,143.43,251
WM,"Waste Management, Inc.",37.1,📊 C급 (약한 투자),C,17.0,0.0,8.0,7.1,5.0,7.1,23.6,20.0,2.39,36.39,3.9,16.13,Industrials,67.4,Bullish,11.3,4.0,buy,243.44,226.1,253.12,252
AMZN,"Amazon.com, Inc.",37.0,📊 C급 (약한 투자),C,18.0,9.0,5.0,0.0,5.0,13.6,5.0,10.5,0.43,29.07,3.13,15.76,Consumer Cyclical,52.4,Bearish,-11.9,34.4,strong_buy,208.73,202.47,280.47,253
ANET,"Arista Networks, Inc.",37.0,📊 C급 (약한 투자),C,25.0,4.0,2.0,0.0,6.0,28.9,19.1,41.5,0.18,45.31,17.42,37.12,Technology,31.6,Neutral,-7.8,42.9,strong_buy,124.6,120.86,178.06,254
AWK,"American Water Works Company, Inc.",37.0,📊 C급 (약한 투자),C,14.0,2.0,10.0,8.0,3.0,5.8,0.0,32.2,1.47,23.87,5.16,15.16,Utilities,73.1,Bullish,10.2,1.4,hold,135.81,129.6,137.7,255
CAG,"Conagra Brands, Inc.",37.0,📊 C급 (약한 투자),C,9.6,19.0,4.0,1.4,3.0,-6.8,0.0,11.4,0.94,10.53,0.81,9.19,Consumer Defensive,45.6,Neutral,5.3,0.8,hold,18.96,17.89,19.11,256
MOH,"Molina Healthcare, Inc.",36.9,📊 C급 (약한 투자),C,8.9,23.0,1.0,0.0,4.0,7.1,0.0,-1.5,0.99,16.23,0.17,3.6,Healthcare,65.0,Bearish,-17.9,8.8,hold,144.81,140.47,157.56,257
WFC,Wells Fargo & Company,36.9,📊 C급 (약한 투자),C,20.0,6.0,2.0,1.9,7.0,5.0,13.1,29.9,0.0,13.18,3.24,N/A,Financial Services,29.4,Bearish,-7.9,23.2,buy,82.53,80.05,101.65,258
NXPI,NXP Semiconductors N.V.,36.9,📊 C급 (약한 투자),C,11.0,17.0,2.0,2.9,4.0,7.2,-6.8,26.3,1.2,27.11,4.43,15.8,Technology,32.6,Neutral,-4.7,21.8,strong_buy,215.25,208.79,262.13,259
LW,"Lamb Weston Holdings, Inc.",36.7,📊 C급 (약한 투자),C,7.0,13.0,5.0,7.7,4.0,1.1,0.0,9.5,2.25,17.0,1.01,8.43,Consumer Defensive,29.9,Neutral,6.4,16.5,none,46.91,45.51,54.64,260
IT,"Gartner, Inc.",36.7,📊 C급 (약한 투자),C,0.0,23.0,7.0,2.7,4.0,2.2,-34.2,19.0,10.47,17.06,1.83,10.1,Technology,54.2,Neutral,-16.4,15.6,none,164.78,159.84,190.46,261
V,Visa Inc.,36.5,📊 C급 (약한 투자),C,22.0,0.0,5.0,5.5,4.0,14.6,17.4,68.3,0.55,30.12,14.94,21.28,Financial Services,43.3,Bearish,-1.5,24.6,strong_buy,320.83,332.29,399.64,262
ULTA,"Ulta Beauty, Inc.",36.5,📊 C급 (약한 투자),C,17.0,8.0,4.0,2.5,5.0,12.9,0.0,10.8,0.98,25.64,2.5,17.22,Consumer Cyclical,46.8,Neutral,2.7,2.3,buy,668.95,658.61,684.38,263
RVTY,"Revvity, Inc.",36.3,📊 C급 (약한 투자),C,20.0,7.0,0.0,2.3,7.0,5.9,12.5,20.1,0.47,46.58,3.81,15.7,Healthcare,32.3,Bearish,-8.2,24.6,buy,95.95,93.07,119.56,264
FDX,FedEx Corporation,36.2,📊 C급 (약한 투자),C,11.0,10.0,2.0,9.2,4.0,13.9,-13.3,7.6,0.0,21.18,1.0,N/A,Industrials,66.4,Bullish,16.3,-1.6,buy,382.53,333.28,439.91,265
HUBB,Hubbell Incorporated,36.2,📊 C급 (약한 투자),C,19.0,4.0,4.0,3.2,6.0,11.9,13.8,19.1,0.64,29.5,4.44,19.81,Industrials,43.2,Neutral,1.0,9.1,buy,488.49,486.17,532.85,266
CE,Celanese Corporation,36.2,📊 C급 (약한 투자),C,3.7,18.0,3.0,4.5,7.0,-6.5,0.0,8.6,2.89,8.64,0.59,11.34,Basic Materials,30.6,Neutral,14.1,21.2,buy,51.32,48.29,62.18,267
EXC,Exelon Corporation,36.1,📊 C급 (약한 투자),C,4.4,10.0,10.0,8.7,3.0,-1.1,-9.3,21.6,1.74,17.93,2.06,12.25,Utilities,79.5,Bullish,14.6,2.6,hold,48.96,44.75,50.25,268
SO,The Southern Company,36.0,📊 C급 (약한 투자),C,6.7,9.0,10.0,7.3,3.0,10.1,-22.1,12.7,1.91,24.69,3.67,13.19,Utilities,71.5,Bullish,12.8,2.9,hold,96.79,89.38,99.61,269
BK,The Bank of New York Mellon Corporation,36.0,📊 C급 (약한 투자),C,24.0,2.0,2.0,2.0,6.0,7.8,30.5,37.3,0.0,15.94,4.11,N/A,Financial Services,36.1,Neutral,-0.8,13.5,buy,117.95,119.37,133.83,270
DPZ,"Domino's Pizza, Inc.",36.0,📊 C급 (약한 투자),C,19.0,4.0,6.0,0.0,7.0,3.1,30.1,18.1,0.0,23.26,2.78,19.68,Consumer Cyclical,61.1,Neutral,2.0,17.2,buy,408.38,405.31,478.58,271
MTB,M&T Bank Corporation,36.0,📊 C급 (약한 투자),C,21.0,6.0,3.0,0.0,6.0,4.7,21.1,41.4,0.0,12.89,3.66,N/A,Financial Services,34.6,Neutral,-0.1,7.3,buy,218.98,216.69,234.97,272
PWR,"Quanta Services, Inc.",35.9,📊 C급 (약한 투자),C,15.0,0.0,10.0,5.9,5.0,19.7,2.6,5.2,0.71,83.36,2.97,36.34,Industrials,72.9,Bullish,20.6,2.4,buy,566.0,480.91,579.74,273
ROST,"Ross Stores, Inc.",35.9,📊 C급 (약한 투자),C,17.0,4.0,0.0,8.9,6.0,10.4,6.8,11.6,0.88,30.88,2.92,20.88,Consumer Cyclical,61.1,Bullish,6.1,11.6,buy,197.64,190.93,220.62,274
EW,Edwards Lifesciences Corporation,35.9,📊 C급 (약한 투자),C,13.0,0.0,8.0,8.9,6.0,13.3,-76.6,23.7,0.07,47.12,8.25,25.64,Healthcare,71.5,Neutral,5.4,13.1,buy,85.28,82.97,96.46,275
NDSN,Nordson Corporation,35.9,📊 C급 (약한 투자),C,22.0,0.0,3.0,4.9,6.0,8.8,44.2,25.0,0.67,31.15,5.64,19.82,Industrials,39.3,Neutral,6.1,8.9,buy,287.78,271.69,313.4,276
SPGI,S&P Global Inc.,35.8,📊 C급 (약한 투자),C,24.0,0.0,5.0,2.8,4.0,9.0,32.0,38.3,0.38,30.31,8.77,19.57,Financial Services,73.0,Neutral,-13.5,21.2,strong_buy,443.99,430.67,537.9,277
KKR,KKR & Co. Inc.,35.7,📊 C급 (약한 투자),C,20.7,4.0,2.0,0.0,9.0,76.3,-2.2,33.0,0.69,38.7,3.27,N/A,Financial Services,27.5,Bearish,-18.5,55.1,buy,90.55,87.83,140.4,278
UDR,"UDR, Inc.",35.7,📊 C급 (약한 투자),C,13.0,7.0,3.0,6.7,6.0,1.5,0.0,22.2,1.45,33.15,8.06,18.56,Real Estate,31.0,Neutral,4.1,9.3,buy,37.46,37.06,40.93,279
ESS,"Essex Property Trust, Inc.",35.6,📊 C급 (약한 투자),C,7.0,9.0,10.0,5.6,4.0,3.2,-68.7,32.9,1.19,24.57,9.13,18.67,Real Estate,40.1,Neutral,5.0,9.8,hold,255.5,255.09,280.65,280
EG,"Everest Group, Ltd.",35.5,📊 C급 (약한 투자),C,9.4,14.0,4.0,5.1,3.0,-2.9,0.0,12.3,0.24,8.87,0.8,N/A,Financial Services,55.5,Neutral,3.2,8.8,none,335.13,332.55,364.53,281
EOG,"EOG Resources, Inc.",35.5,📊 C급 (약한 투자),C,7.0,5.0,10.0,8.5,5.0,0.0,-41.7,16.9,0.31,14.05,3.07,6.35,Energy,77.8,Bullish,20.2,4.8,buy,128.01,111.35,134.21,282
ILMN,"Illumina, Inc.",35.5,📊 C급 (약한 투자),C,20.0,6.0,3.0,0.5,6.0,5.0,86.4,19.7,0.94,23.77,4.56,18.2,Healthcare,63.7,Neutral,-6.0,5.0,buy,129.56,135.13,136.05,283
NCLH,Norwegian Cruise Line Holdings Ltd.,35.5,📊 C급 (약한 투자),C,5.0,19.0,3.0,0.5,8.0,6.4,0.0,8.3,7.03,15.3,0.99,9.82,Consumer Cyclical,41.3,Neutral,-7.9,25.3,buy,21.27,20.63,26.64,284
AME,"AMETEK, Inc.",35.4,📊 C급 (약한 투자),C,20.0,0.0,4.0,5.4,6.0,13.4,3.6,27.5,0.24,36.76,7.32,23.74,Industrials,52.5,Bullish,5.5,5.5,buy,235.25,221.43,248.29,285
IFF,International Flavors & Fragrances Inc.,35.4,📊 C급 (약한 투자),C,8.7,6.0,6.0,8.7,6.0,-6.6,0.0,4.6,0.47,16.48,1.86,14.16,Basic Materials,57.1,Bullish,15.7,14.6,buy,79.16,73.2,90.71,286
JCI,Johnson Controls International plc,35.4,📊 C급 (약한 투자),C,20.0,0.0,4.0,6.4,5.0,6.8,34.2,14.7,0.73,47.0,3.56,22.88,Industrials,51.5,Neutral,15.7,2.3,buy,139.58,126.05,142.74,287
PPG,"PPG Industries, Inc.",35.2,📊 C급 (약한 투자),C,15.0,6.0,5.0,3.2,6.0,5.0,0.0,11.1,0.98,17.05,1.66,12.16,Basic Materials,26.9,Neutral,4.2,6.4,buy,118.18,114.51,125.75,288
MNST,Monster Beverage Corporation,35.2,📊 C급 (약한 투자),C,24.0,0.0,3.0,2.2,6.0,17.6,66.6,29.5,0.8,44.88,9.3,28.46,Consumer Defensive,46.5,Neutral,-0.4,10.3,buy,78.99,80.08,87.16,289
ABT,Abbott Laboratories,35.2,📊 C급 (약한 투자),C,9.0,4.0,7.0,8.2,7.0,4.4,-80.9,21.6,0.27,30.54,4.45,16.89,Healthcare,54.3,Neutral,6.0,17.4,buy,113.61,117.0,133.39,290
AON,Aon plc,35.1,📊 C급 (약한 투자),C,19.0,2.0,3.0,4.1,7.0,3.7,138.3,31.3,1.68,19.92,4.24,15.24,Financial Services,66.9,Neutral,-0.8,17.2,buy,339.07,339.41,397.42,291
EXPE,"Expedia Group, Inc.",35.0,📊 C급 (약한 투자),C,6.0,17.0,4.0,0.0,8.0,11.4,-27.3,15.4,2.55,21.93,1.79,12.33,Consumer Cyclical,37.2,Bearish,-20.1,30.5,buy,215.14,208.69,280.85,292
VLTO,Veralto Corporation,35.0,📊 C급 (약한 투자),C,17.0,2.0,7.0,2.0,7.0,3.8,12.2,22.7,0.93,25.44,4.32,18.09,Industrials,58.0,Neutral,-3.6,15.1,buy,95.64,98.19,110.12,293
BSX,Boston Scientific Corporation,35.0,📊 C급 (약한 투자),C,20.0,4.0,5.0,0.0,6.0,15.9,18.5,19.7,0.49,38.07,5.46,22.44,Healthcare,48.6,Bearish,-17.4,41.8,strong_buy,73.85,71.63,104.75,294
JBHT,"J.B. Hunt Transport Services, Inc.",34.9,⚠️ D급 (회피),D,13.7,4.0,6.0,8.2,3.0,-1.6,23.6,8.0,0.48,37.72,1.83,14.9,Industrials,51.7,Bullish,11.4,-8.5,buy,230.87,211.87,265.5,295
AVY,Avery Dennison Corporation,34.9,⚠️ D급 (회피),D,7.9,11.0,4.0,6.0,6.0,3.9,-0.6,12.7,1.76,21.69,1.66,12.94,Consumer Cyclical,49.9,Neutral,4.1,11.2,buy,190.64,188.21,211.9,296
WRB,W. R. Berkley Corporation,34.8,⚠️ D급 (회피),D,7.7,13.0,8.0,5.1,1.0,1.5,-21.8,16.4,0.32,16.32,1.88,10.46,Financial Services,64.9,Bullish,9.5,-5.9,hold,72.64,69.69,83.54,297
COO,"The Cooper Companies, Inc.",34.7,⚠️ D급 (회피),D,7.0,2.0,12.0,7.7,6.0,4.6,-28.2,13.5,0.34,44.58,4.05,17.87,Healthcare,58.3,Bullish,5.5,9.2,buy,83.37,82.33,91.0,298
REGN,"Regeneron Pharmaceuticals, Inc.",34.7,⚠️ D급 (회피),D,12.6,8.0,3.0,5.1,6.0,2.5,-2.6,23.1,0.1,18.48,5.65,17.2,Healthcare,53.9,Neutral,3.8,13.6,buy,766.66,770.62,870.73,299
HOLX,"Hologic, Inc.",34.6,⚠️ D급 (회피),D,11.6,9.0,8.0,3.0,3.0,2.5,-9.2,23.0,0.48,31.31,4.08,12.59,Healthcare,61.7,Bullish,3.1,1.5,hold,75.46,74.98,76.6,300
MCHP,Microchip Technology Incorporated,34.5,⚠️ D급 (회피),D,17.0,8.0,2.0,0.5,7.0,15.6,0.0,13.2,0.82,26.88,8.84,44.68,Technology,33.2,Neutral,-5.9,21.4,buy,71.39,73.28,86.67,301
IRM,Iron Mountain Incorporated,34.5,⚠️ D급 (회피),D,12.9,9.0,0.0,6.6,6.0,16.6,-14.2,22.0,0.0,219.96,4.62,21.98,Real Estate,63.5,Bullish,22.7,12.4,buy,107.78,94.34,121.18,302
AXON,"Axon Enterprise, Inc.",34.4,⚠️ D급 (회피),D,9.7,0.0,8.0,8.7,8.0,38.5,-98.0,-3.1,0.59,383.5,16.75,871.51,Industrials,79.5,Neutral,28.1,26.9,buy,579.09,539.59,735.01,303
MET,"MetLife, Inc.",34.3,⚠️ D급 (회피),D,4.0,19.0,0.0,3.3,8.0,27.6,-34.2,4.7,2.26,15.43,0.62,14.7,Financial Services,34.4,Bearish,-6.1,25.1,buy,72.67,70.49,90.93,304
LEN,Lennar Corporation,34.3,⚠️ D급 (회피),D,1.8,23.0,4.0,2.5,3.0,-5.8,-52.6,7.7,0.28,13.59,0.78,7.76,Consumer Cyclical,28.4,Neutral,2.3,0.3,hold,108.41,112.56,108.71,305
TJX,"The TJX Companies, Inc.",34.1,⚠️ D급 (회피),D,17.0,0.0,8.0,6.1,3.0,8.5,28.3,13.3,1.32,35.18,2.94,22.19,Consumer Cyclical,65.5,Bullish,8.8,7.6,strong_buy,159.71,154.8,171.78,306
STE,STERIS plc,34.0,⚠️ D급 (회피),D,18.0,4.0,5.0,0.0,7.0,9.2,12.1,18.5,0.29,33.89,4.1,16.2,Healthcare,49.1,Bearish,-5.5,15.6,buy,243.35,254.72,281.25,307
DAY,"Dayforce, Inc.",34.0,⚠️ D급 (회피),D,9.4,6.0,10.0,6.6,2.0,9.5,0.0,-25.8,0.46,25.55,5.91,105.64,Technology,60.3,Bullish,2.9,0.1,none,69.86,69.21,69.91,308
PODD,Insulet Corporation,34.0,⚠️ D급 (회피),D,21.0,2.0,5.0,0.0,6.0,31.2,3.9,18.7,0.66,69.49,6.29,30.68,Healthcare,42.7,Bearish,-3.6,46.5,strong_buy,241.84,234.58,354.4,309
APTV,Aptiv PLC,34.0,⚠️ D급 (회피),D,8.0,13.0,4.0,0.0,9.0,5.0,-43.4,10.3,0.85,95.2,0.76,6.81,Consumer Cyclical,20.2,Neutral,-6.3,41.8,buy,71.4,69.26,101.25,310
EFX,Equifax Inc.,34.0,⚠️ D급 (회피),D,13.0,0.0,7.0,7.0,7.0,9.2,2.4,18.1,1.11,38.73,4.16,16.07,Industrials,53.3,Neutral,5.8,15.1,buy,206.43,207.5,237.6,311
KR,The Kroger Co.,34.0,⚠️ D급 (회피),D,5.0,13.0,6.0,4.0,6.0,0.7,0.0,3.1,3.58,60.74,0.31,8.93,Consumer Defensive,52.9,Bullish,11.6,7.0,buy,68.64,64.43,73.45,312
NVR,"NVR, Inc.",33.9,⚠️ D급 (회피),D,6.0,15.0,4.0,2.9,6.0,-5.0,-13.1,17.4,0.28,16.86,2.0,10.9,Consumer Cyclical,27.4,Neutral,-2.5,8.7,buy,7361.1,7569.7,8004.4,313
ROK,"Rockwell Automation, Inc.",33.8,⚠️ D급 (회피),D,22.0,0.0,5.0,0.8,6.0,11.9,67.1,17.5,0.99,45.44,5.23,25.91,Industrials,44.8,Bearish,-4.7,7.6,buy,398.5,406.37,428.66,314
HBAN,Huntington Bancshares Incorporated,33.7,⚠️ D급 (회피),D,16.4,8.0,2.0,0.3,7.0,10.3,-10.9,39.8,0.0,12.05,4.42,N/A,Financial Services,31.0,Neutral,-4.2,23.5,buy,16.75,16.25,20.69,315
WEC,"WEC Energy Group, Inc.",33.6,⚠️ D급 (회피),D,8.0,6.0,8.0,5.6,6.0,11.1,-32.5,21.3,1.59,24.14,3.86,15.67,Utilities,69.0,Bullish,8.8,5.3,buy,116.12,109.3,122.26,316
MCO,Moody's Corporation,33.5,⚠️ D급 (회피),D,23.0,0.0,3.0,0.5,7.0,13.0,57.6,42.1,1.77,34.01,10.67,23.4,Financial Services,69.0,Neutral,-7.8,17.7,buy,464.3,450.37,546.7,317
COR,"Cencora, Inc.",33.5,⚠️ D급 (회피),D,9.0,8.0,8.0,2.5,6.0,5.5,14.8,1.2,4.73,44.64,0.22,16.24,Healthcare,61.2,Bullish,4.5,10.0,buy,371.44,351.81,408.46,318
BLK,"BlackRock, Inc.",33.4,⚠️ D급 (회피),D,16.0,5.0,1.0,3.4,8.0,23.4,-31.7,36.7,0.24,29.85,6.74,17.56,Financial Services,40.7,Bearish,-3.8,26.2,buy,1052.59,1091.87,1328.44,319
NDAQ,"Nasdaq, Inc.",33.4,⚠️ D급 (회피),D,21.0,0.0,3.0,2.4,7.0,4.6,47.6,31.2,0.78,28.29,6.04,18.8,Financial Services,61.9,Neutral,-7.5,23.9,buy,87.42,84.8,108.33,320
FTV,Fortive Corporation,33.4,⚠️ D급 (회피),D,11.6,11.0,3.0,3.8,4.0,4.6,-2.6,20.1,0.51,36.5,4.43,17.96,Technology,36.9,Neutral,10.2,7.2,hold,58.03,56.21,62.19,321
TDG,TransDigm Group Incorporated,33.2,⚠️ D급 (회피),D,16.1,0.0,7.0,3.1,7.0,13.9,-12.9,45.6,0.0,42.73,8.22,22.06,Industrials,53.5,Neutral,-5.4,20.2,buy,1326.34,1348.97,1594.0,322
ARE,"Alexandria Real Estate Equities, Inc.",33.2,⚠️ D급 (회피),D,12.0,12.0,2.0,2.2,5.0,-5.2,0.0,22.7,0.67,N/A,3.0,12.86,Real Estate,35.6,Neutral,-1.4,15.0,hold,52.22,53.42,60.07,323
EQR,Equity Residential,33.2,⚠️ D급 (회피),D,10.7,11.0,3.0,2.5,6.0,2.0,-8.8,28.5,0.74,21.33,7.95,17.26,Real Estate,32.3,Neutral,4.0,11.8,buy,62.72,62.35,70.1,324
KLAC,KLA Corporation,33.0,⚠️ D급 (회피),D,21.0,0.0,2.0,3.0,7.0,7.2,40.9,41.3,1.12,42.02,14.86,33.06,Technology,51.8,Neutral,4.5,15.6,buy,1441.35,1424.88,1666.7,325
DD,"DuPont de Nemours, Inc.",33.0,⚠️ D급 (회피),D,17.0,0.0,4.0,8.0,4.0,0.0,0.0,34.7,0.24,229.86,2.95,14.99,Basic Materials,45.7,Neutral,11.2,16.3,strong_buy,48.27,45.18,56.12,326
PANW,"Palo Alto Networks, Inc.",33.0,⚠️ D급 (회피),D,16.0,0.0,9.0,0.0,8.0,14.9,60.5,15.4,4.89,86.72,12.87,85.06,Technology,40.1,Bearish,-8.9,33.4,buy,156.09,151.41,208.16,327
GOOGL,Alphabet Inc.,33.0,⚠️ D급 (회피),D,26.0,2.0,0.0,1.0,4.0,18.0,31.1,31.6,0.16,28.08,9.12,24.06,Communication Services,36.3,Bearish,-9.5,24.1,strong_buy,303.58,294.47,376.86,328
TGT,Target Corporation,33.0,⚠️ D급 (회피),D,3.0,19.0,2.0,8.0,1.0,-1.5,-4.7,4.5,1.23,14.64,0.52,8.38,Consumer Defensive,65.8,Bullish,13.6,-5.7,hold,120.8,107.22,138.92,329
GPC,Genuine Parts Company,33.0,⚠️ D급 (회피),D,9.0,13.0,4.0,0.0,7.0,4.1,0.0,4.9,1.56,247.7,0.67,11.17,Consumer Cyclical,16.8,Neutral,-15.4,23.3,buy,116.42,112.93,143.5,330
CTVA,"Corteva, Inc.",32.9,⚠️ D급 (회피),D,9.7,0.0,8.0,9.2,6.0,-1.7,0.0,5.6,0.12,45.1,3.07,13.63,Basic Materials,69.5,Bullish,10.2,5.5,buy,78.93,72.04,83.24,331
LNT,Alliant Energy Corporation,32.8,⚠️ D급 (회피),D,7.1,2.0,10.0,8.7,5.0,9.0,-5.8,16.7,1.68,23.0,4.26,16.38,Utilities,73.3,Bullish,13.1,2.6,buy,72.23,67.45,74.09,332
TTWO,"Take-Two Interactive Software, Inc.",32.7,⚠️ D급 (회피),D,12.8,4.0,7.0,3.9,5.0,24.9,0.0,-2.0,1.0,27.67,6.13,50.0,Communication Services,55.1,Neutral,0.0,27.6,strong_buy,217.05,210.54,277.02,333
GOOG,Alphabet Inc.,32.5,⚠️ D급 (회피),D,26.0,2.0,0.0,0.5,4.0,18.0,31.1,31.6,0.16,28.08,9.12,24.05,Communication Services,35.7,Bearish,-9.8,18.3,strong_buy,303.56,294.45,359.24,334
TXN,Texas Instruments Incorporated,32.5,⚠️ D급 (회피),D,14.5,9.0,5.0,0.0,4.0,10.4,-3.2,34.0,0.91,37.19,10.41,24.1,Technology,27.5,Neutral,-7.8,9.3,hold,202.67,201.43,221.55,335
DRI,"Darden Restaurants, Inc.",32.5,⚠️ D급 (회피),D,11.0,8.0,4.0,3.5,6.0,7.3,11.8,10.4,4.01,22.08,1.95,16.29,Consumer Cyclical,50.5,Neutral,7.0,5.6,buy,210.6,203.91,222.34,336
COP,ConocoPhillips,32.5,⚠️ D급 (회피),D,3.6,5.0,10.0,9.9,4.0,-6.8,-39.0,16.3,0.38,18.66,2.4,6.72,Energy,76.4,Bullish,19.5,-1.3,buy,118.52,101.59,136.3,337
KHC,The Kraft Heinz Company,32.5,⚠️ D급 (회피),D,3.3,17.0,2.0,7.2,3.0,-3.4,-69.2,17.5,0.52,11.28,1.15,8.19,Consumer Defensive,41.3,Neutral,5.2,3.8,hold,24.22,24.01,25.13,338
LYB,LyondellBasell Industries N.V.,32.3,⚠️ D급 (회피),D,3.1,14.0,6.0,8.2,1.0,-9.2,0.0,-0.9,1.44,15.07,0.62,13.84,Basic Materials,54.6,Bullish,19.4,-11.6,hold,58.21,50.5,66.94,339
AMT,American Tower Corporation,32.2,⚠️ D급 (회피),D,5.0,4.0,8.0,9.2,6.0,7.5,-33.2,44.9,4.34,30.29,8.37,20.1,Real Estate,62.5,Bullish,11.7,14.2,buy,190.25,178.93,217.35,340
MDT,Medtronic plc,32.2,⚠️ D급 (회피),D,12.2,11.0,2.0,0.0,7.0,8.7,-11.8,20.0,0.57,27.01,3.5,15.26,Healthcare,34.6,Neutral,-3.7,15.5,buy,96.71,98.9,111.69,341
TAP,Molson Coors Beverage Company,32.1,⚠️ D급 (회피),D,5.6,21.0,2.0,1.5,2.0,-2.7,-12.5,13.6,0.62,9.53,0.85,6.29,Consumer Defensive,37.2,Neutral,1.4,-0.1,hold,48.06,48.94,55.27,342
PLD,"Prologis, Inc.",32.1,⚠️ D급 (회피),D,16.0,0.0,4.0,7.1,5.0,4.0,6.3,41.3,0.62,39.72,14.26,26.42,Real Estate,51.3,Bullish,10.9,0.4,buy,141.0,133.1,141.5,343
DHR,Danaher Corporation,32.1,⚠️ D급 (회피),D,18.0,4.0,2.0,3.1,5.0,4.6,12.5,22.2,0.37,40.48,5.87,20.34,Healthcare,25.4,Bearish,-6.5,29.9,strong_buy,204.01,197.89,264.91,344
AJG,Arthur J. Gallagher & Co.,32.1,⚠️ D급 (회피),D,14.0,4.0,3.0,3.1,8.0,36.7,-48.3,10.4,0.58,39.24,4.45,20.16,Financial Services,64.2,Neutral,-6.0,25.2,buy,225.23,218.47,281.94,345
CMI,Cummins Inc.,32.1,⚠️ D급 (회피),D,18.0,2.0,2.0,4.1,6.0,1.1,41.4,10.9,0.61,27.32,2.3,15.98,Industrials,37.7,Neutral,-3.4,9.5,buy,560.09,563.76,613.23,346
KVUE,Kenvue Inc.,32.0,⚠️ D급 (회피),D,15.0,4.0,2.0,7.0,4.0,3.2,11.2,17.8,0.81,23.88,2.3,13.07,Consumer Defensive,50.5,Neutral,7.8,8.8,hold,18.15,17.6,19.75,347
PM,Philip Morris International Inc.,32.0,⚠️ D급 (회피),D,19.0,0.0,4.0,3.0,6.0,6.8,0.0,32.9,0.0,24.51,6.81,17.29,Consumer Defensive,42.6,Neutral,1.1,9.1,buy,177.93,173.38,194.09,348
CPB,The Campbell's Company,31.9,⚠️ D급 (회피),D,3.9,19.0,4.0,0.0,5.0,-3.4,-9.7,14.2,1.85,13.43,0.76,8.13,Consumer Defensive,25.0,Neutral,-3.2,18.6,hold,26.05,27.32,30.89,349
STT,State Street Corporation,31.9,⚠️ D급 (회피),D,15.8,6.0,0.0,4.1,6.0,7.6,-1.2,33.9,0.0,13.38,2.53,N/A,Financial Services,39.2,Bearish,-2.9,14.6,buy,125.91,129.97,144.3,350
SNPS,"Synopsys, Inc.",31.7,⚠️ D급 (회피),D,15.0,2.0,5.0,1.7,8.0,65.5,-82.0,13.3,0.36,64.98,10.15,55.69,Technology,45.9,Bearish,-5.2,26.7,buy,424.32,411.59,537.75,351
GM,General Motors Company,31.5,⚠️ D급 (회피),D,4.0,19.0,1.0,0.5,7.0,-5.1,0.0,6.5,2.08,23.63,0.39,9.97,Consumer Cyclical,40.8,Bearish,-6.1,22.5,buy,77.27,74.95,94.62,352
LYV,"Live Nation Entertainment, Inc.",31.5,⚠️ D급 (회피),D,6.9,8.0,8.0,5.6,3.0,11.1,0.0,-0.8,5.72,71.36,1.51,21.66,Communication Services,69.1,Bullish,14.8,11.8,strong_buy,162.07,148.23,181.27,353
SWK,"Stanley Black & Decker, Inc.",31.5,⚠️ D급 (회피),D,4.9,13.0,2.0,5.6,6.0,-1.0,-19.3,10.4,0.7,30.8,0.84,11.1,Industrials,30.7,Neutral,5.3,12.8,buy,81.63,82.65,92.08,354
PEP,"PepsiCo, Inc.",31.3,⚠️ D급 (회피),D,16.0,2.0,4.0,6.3,3.0,5.6,67.5,14.1,2.58,27.48,2.4,14.8,Consumer Defensive,46.0,Neutral,8.4,3.6,hold,164.91,153.76,170.81,355
ETR,Entergy Corporation,31.2,⚠️ D급 (회피),D,4.9,4.0,10.0,7.3,5.0,7.9,-20.8,19.0,1.82,27.06,3.7,13.92,Utilities,70.2,Bullish,13.7,1.5,buy,105.81,96.9,107.37,356
TSN,"Tyson Foods, Inc.",31.2,⚠️ D급 (회피),D,7.0,11.0,4.0,6.2,3.0,5.1,-76.2,2.9,0.46,112.5,0.4,11.37,Consumer Defensive,44.1,Neutral,-1.2,9.7,none,63.0,61.25,69.08,357
ECL,Ecolab Inc.,31.1,⚠️ D급 (회피),D,15.0,0.0,4.0,6.1,6.0,17.8,0.0,14.7,1.04,41.0,5.26,23.16,Basic Materials,48.4,Neutral,7.4,7.8,buy,298.46,283.38,321.86,358
MS,Morgan Stanley,31.0,⚠️ D급 (회피),D,18.0,6.0,0.0,0.0,7.0,11.0,20.7,38.6,4.56,16.25,3.75,N/A,Financial Services,38.8,Bearish,-8.2,17.8,buy,165.95,160.97,195.52,359
MTD,Mettler-Toledo International Inc.,31.0,⚠️ D급 (회피),D,21.0,0.0,2.0,2.0,6.0,8.1,17.0,30.7,0.0,31.35,6.68,23.9,Healthcare,25.4,Bearish,-2.8,14.0,buy,1316.71,1277.21,1501.38,360
ETN,Eaton Corporation plc,31.0,⚠️ D급 (회피),D,19.0,0.0,3.0,3.0,6.0,13.1,18.9,20.0,0.55,34.02,5.04,23.43,Industrials,38.6,Neutral,1.1,14.9,buy,355.56,348.66,408.45,361
LUV,Southwest Airlines Co.,30.9,⚠️ D급 (회피),D,16.0,6.0,3.0,2.9,3.0,7.4,50.8,5.1,0.75,60.44,0.88,15.24,Industrials,30.7,Neutral,-1.6,2.9,hold,47.75,46.3,49.13,362
A,"Agilent Technologies, Inc.",30.9,⚠️ D급 (회피),D,12.5,6.0,2.0,2.4,8.0,7.0,-3.6,19.6,0.49,26.05,4.78,18.28,Healthcare,29.4,Bearish,-9.9,35.9,buy,119.04,115.47,161.72,363
MSCI,MSCI Inc.,30.7,⚠️ D급 (회피),D,17.7,0.0,5.0,1.0,7.0,10.6,-2.3,55.9,0.0,36.09,13.56,25.98,Financial Services,74.2,Neutral,-6.9,19.9,buy,565.59,570.58,678.31,364
PFG,"Principal Financial Group, Inc.",30.6,⚠️ D급 (회피),D,4.3,13.0,10.0,0.3,3.0,-3.7,-40.9,14.1,0.35,17.84,1.32,11.24,Financial Services,50.1,Neutral,-0.3,1.1,hold,93.67,92.18,94.73,365
HAL,Halliburton Company,30.5,⚠️ D급 (회피),D,9.9,4.0,6.0,5.6,5.0,0.8,-0.5,14.9,0.79,23.51,1.34,8.66,Energy,59.0,Bullish,9.6,3.5,buy,35.26,32.7,36.5,366
IR,Ingersoll Rand Inc.,30.5,⚠️ D급 (회피),D,21.0,0.0,3.0,0.5,6.0,10.1,18.4,20.0,0.51,63.13,4.73,19.74,Industrials,34.2,Neutral,5.1,11.5,buy,91.54,88.82,102.07,367
RSG,"Republic Services, Inc.",30.4,⚠️ D급 (회피),D,11.0,0.0,8.0,5.4,6.0,2.2,7.4,19.5,1.15,33.91,4.33,16.62,Industrials,62.4,Bullish,9.8,5.1,buy,232.27,216.79,244.04,368
CEG,Constellation Energy Corporation,30.3,⚠️ D급 (회피),D,8.0,0.0,8.0,7.3,7.0,12.9,-48.9,9.6,0.64,43.84,4.61,21.98,Utilities,78.4,Neutral,22.1,21.3,buy,324.87,313.15,393.93,369
WAB,Westinghouse Air Brake Technologies Corporation,30.2,⚠️ D급 (회피),D,13.4,2.0,4.0,7.8,3.0,14.8,-3.8,15.0,0.53,38.19,3.99,20.41,Industrials,74.5,Bullish,13.9,10.0,none,260.83,236.46,286.83,370
MKC,"McCormick & Company, Incorporated",30.2,⚠️ D급 (회피),D,13.0,0.0,2.0,9.2,6.0,2.9,6.4,17.2,0.73,23.1,2.66,17.1,Consumer Defensive,45.8,Neutral,12.9,9.1,buy,67.67,67.16,73.85,371
AXP,American Express Company,30.0,⚠️ D급 (회피),D,17.0,4.0,2.0,0.0,7.0,10.6,16.6,17.5,1.91,20.0,3.17,N/A,Financial Services,24.9,Bearish,-10.6,23.1,buy,307.82,298.59,378.94,372
TMO,Thermo Fisher Scientific Inc.,30.0,⚠️ D급 (회피),D,17.0,4.0,4.0,0.0,5.0,7.2,9.3,21.2,0.77,28.66,4.28,19.76,Healthcare,31.3,Bearish,-10.5,31.2,strong_buy,508.1,492.86,666.46,373
XYL,Xylem Inc.,30.0,⚠️ D급 (회피),D,16.0,2.0,5.0,0.0,7.0,6.3,3.0,16.0,0.21,32.44,3.43,16.99,Industrials,46.3,Bearish,-6.6,24.6,buy,127.18,123.36,158.41,374
NTRS,Northern Trust Corporation,30.0,⚠️ D급 (회피),D,18.0,4.0,2.0,2.0,4.0,8.2,7.6,29.0,0.0,16.27,3.27,N/A,Financial Services,39.5,Neutral,-4.0,10.5,hold,142.24,145.31,157.11,375
AZO,"AutoZone, Inc.",30.0,⚠️ D급 (회피),D,12.3,4.0,4.0,2.7,7.0,8.2,-4.6,16.9,0.0,25.38,3.14,17.31,Consumer Cyclical,48.7,Neutral,-0.1,15.8,buy,3637.17,3597.42,4211.83,376
LHX,"L3Harris Technologies, Inc.",29.9,⚠️ D급 (회피),D,6.0,0.0,8.0,9.9,6.0,2.3,-32.3,12.9,0.61,43.09,3.15,19.68,Industrials,62.8,Bullish,10.3,5.5,buy,368.0,336.1,388.11,377
NRG,"NRG Energy, Inc.",29.8,⚠️ D급 (회피),D,2.0,10.0,2.0,7.8,8.0,13.7,-91.3,4.3,9.89,40.52,1.13,15.97,Utilities,54.7,Neutral,10.9,26.5,buy,162.06,159.22,205.0,378
DHI,"D.R. Horton, Inc.",29.7,⚠️ D급 (회피),D,1.8,19.0,2.0,3.9,3.0,-9.5,-22.2,11.0,0.23,13.89,1.33,10.72,Consumer Cyclical,33.5,Neutral,4.4,4.9,hold,152.61,154.13,160.13,379
CSX,CSX Corporation,29.7,⚠️ D급 (회피),D,8.8,0.0,8.0,9.9,3.0,-0.9,-0.4,32.7,1.48,27.7,5.63,15.28,Industrials,67.6,Bullish,13.7,-5.5,buy,42.66,38.32,49.06,380
DG,Dollar General Corporation,29.6,⚠️ D급 (회피),D,12.0,8.0,0.0,5.6,4.0,4.6,43.8,4.0,2.02,26.48,0.8,15.55,Consumer Defensive,62.7,Bullish,8.8,-3.6,buy,153.04,145.83,176.0,381
UNP,Union Pacific Corporation,29.6,⚠️ D급 (회피),D,11.9,2.0,2.0,8.7,5.0,-0.6,6.8,40.9,1.78,22.17,6.44,15.2,Industrials,61.4,Bullish,15.8,0.4,buy,265.84,241.8,266.79,382
CPRT,"Copart, Inc.",29.5,⚠️ D급 (회피),D,8.8,2.0,7.0,5.7,6.0,-3.6,-10.0,34.7,0.98,24.2,8.07,16.58,Industrials,40.9,Neutral,-0.9,10.9,buy,38.48,39.14,42.67,383
SYY,Sysco Corporation,29.4,⚠️ D급 (회피),D,1.8,13.0,4.0,5.6,5.0,3.0,-1.2,4.0,6.4,23.72,0.51,12.39,Consumer Defensive,51.6,Neutral,8.4,3.0,buy,88.01,81.16,90.69,384
EMN,Eastman Chemical Company,29.3,⚠️ D급 (회피),D,0.0,13.0,5.0,6.3,5.0,-12.1,-67.5,7.2,0.84,18.09,0.97,8.88,Basic Materials,28.2,Neutral,5.9,3.2,buy,74.16,71.21,76.56,385
CBRE,"CBRE Group, Inc.",29.2,⚠️ D급 (회피),D,6.2,15.0,0.0,0.0,8.0,11.8,-12.1,0.1,1.06,37.05,1.05,22.75,Real Estate,31.0,Bearish,-13.6,27.3,buy,142.63,138.35,181.58,386
SRE,Sempra,29.2,⚠️ D급 (회피),D,4.0,0.0,10.0,9.2,6.0,-0.2,-48.2,27.7,0.83,29.34,4.54,19.58,Utilities,70.8,Bullish,12.8,6.3,buy,95.36,89.68,101.38,387
PH,Parker-Hannifin Corporation,29.1,⚠️ D급 (회피),D,12.7,0.0,4.0,7.5,5.0,9.1,-9.0,21.7,0.69,36.1,6.1,25.05,Industrials,49.1,Neutral,6.2,4.3,buy,988.67,946.84,1031.39,388
WDC,Western Digital Corporation,29.0,⚠️ D급 (회피),D,14.0,6.0,4.0,0.0,5.0,0.0,0.0,15.4,0.0,23.69,7.98,N/A,Technology,45.3,Neutral,-5.1,28.1,none,250.61,239.01,321.0,389
FAST,Fastenal Company,28.9,⚠️ D급 (회피),D,18.0,0.0,4.0,4.9,2.0,11.1,9.3,19.0,0.11,42.41,6.47,29.02,Industrials,47.4,Neutral,5.4,-3.2,hold,46.23,43.86,53.16,390
ON,ON Semiconductor Corporation,28.8,⚠️ D급 (회피),D,2.8,11.0,3.0,6.0,6.0,-11.2,-48.7,19.1,0.42,218.69,4.26,14.65,Technology,39.4,Neutral,5.2,6.1,buy,63.42,62.52,67.28,391
DLTR,"Dollar Tree, Inc.",28.7,⚠️ D급 (회피),D,11.0,6.0,1.0,6.7,4.0,9.4,10.6,6.7,2.21,22.43,1.27,14.31,Consumer Defensive,45.1,Bearish,3.2,5.9,hold,118.41,114.86,125.35,392
PG,The Procter & Gamble Company,28.2,⚠️ D급 (회피),D,11.2,2.0,2.0,7.0,6.0,1.5,-5.4,26.3,0.69,23.63,4.38,16.07,Consumer Defensive,51.1,Neutral,6.4,5.2,buy,159.72,150.9,168.0,393
DLR,"Digital Realty Trust, Inc.",28.0,⚠️ D급 (회피),D,10.0,2.0,2.0,8.0,6.0,17.1,-53.4,14.1,0.82,49.76,10.25,29.02,Real Estate,61.0,Bullish,10.1,9.6,buy,178.13,164.84,195.18,394
HSY,The Hershey Company,28.0,⚠️ D급 (회피),D,6.0,0.0,12.0,8.0,2.0,7.0,-59.8,14.7,1.24,54.08,4.06,26.47,Consumer Defensive,59.2,Bullish,21.2,-1.9,hold,234.16,202.7,269.28,395
PNR,Pentair plc,27.9,⚠️ D급 (회피),D,16.0,2.0,1.0,1.9,7.0,4.9,1.6,20.1,0.46,24.83,3.82,16.12,Industrials,47.0,Bearish,-5.4,16.4,buy,97.57,94.64,113.53,396
COST,Costco Wholesale Corporation,27.9,⚠️ D급 (회피),D,16.0,0.0,2.0,4.9,5.0,8.3,11.4,3.7,0.27,54.06,1.6,33.39,Consumer Defensive,62.8,Bullish,6.2,4.5,buy,1007.77,948.28,1052.94,397
MO,"Altria Group, Inc.",27.9,⚠️ D급 (회피),D,7.9,7.0,2.0,8.0,3.0,-0.5,-62.9,57.1,0.0,16.72,5.74,10.85,Consumer Defensive,75.6,Bullish,12.9,-6.1,buy,68.89,62.39,79.22,398
ALB,Albemarle Corporation,27.9,⚠️ D급 (회피),D,16.0,2.0,1.0,2.9,6.0,15.9,0.0,2.3,0.34,18.96,3.77,31.99,Basic Materials,48.0,Neutral,2.0,14.6,buy,164.73,166.96,188.74,399
AMP,"Ameriprise Financial, Inc.",27.8,⚠️ D급 (회피),D,14.8,6.0,0.0,0.0,7.0,8.6,-1.1,35.3,0.58,14.37,2.29,N/A,Financial Services,36.5,Bearish,-10.1,22.4,buy,465.68,451.71,570.0,400
DOV,Dover Corporation,27.2,⚠️ D급 (회피),D,9.0,2.0,3.0,8.2,5.0,8.8,-80.1,18.2,0.48,27.7,3.74,17.36,Industrials,34.8,Neutral,8.9,3.8,buy,220.76,211.82,229.1,401
CSGP,"CoStar Group, Inc.",27.1,⚠️ D급 (회피),D,11.1,0.0,5.0,3.0,8.0,26.9,-25.9,5.5,0.14,2339.0,6.11,91.8,Real Estate,40.4,Bearish,-21.4,39.8,buy,46.78,45.38,65.42,402
GIS,"General Mills, Inc.",27.1,⚠️ D급 (회피),D,0.6,17.0,4.0,1.5,4.0,-7.2,-45.8,17.9,1.47,9.58,1.27,10.39,Consumer Defensive,26.0,Neutral,-0.2,8.1,hold,44.54,45.62,48.16,403
AES,The AES Corporation,27.0,⚠️ D급 (회피),D,0.0,18.0,2.0,0.0,7.0,4.7,-31.7,16.6,2.59,9.33,0.83,13.63,Utilities,31.4,Neutral,-1.6,15.2,buy,14.18,13.75,16.33,404
ALLE,Allegion plc,27.0,⚠️ D급 (회피),D,15.0,4.0,4.0,0.0,4.0,9.3,3.3,21.4,1.04,21.28,3.35,15.34,Industrials,24.3,Neutral,-2.2,13.4,hold,158.36,164.8,179.55,405
AAL,American Airlines Group Inc.,27.0,⚠️ D급 (회피),D,3.0,13.0,2.0,0.0,9.0,2.5,-83.1,3.6,0.0,73.29,0.15,9.9,Industrials,28.6,Bearish,-6.8,41.4,buy,12.46,12.09,17.62,406
APD,"Air Products and Chemicals, Inc.",27.0,⚠️ D급 (회피),D,13.0,0.0,5.0,3.0,6.0,5.8,9.7,24.3,1.02,19.48,4.98,94.59,Basic Materials,27.9,Neutral,2.9,10.7,buy,273.04,266.81,302.36,407
BRK-B,Berkshire Hathaway Inc.,26.7,⚠️ D급 (회피),D,11.5,4.0,2.0,3.2,6.0,-0.7,-2.5,33.0,0.19,15.38,2.8,-2.12,Financial Services,33.8,Neutral,1.0,8.7,buy,481.36,494.63,523.0,408
VRSK,"Verisk Analytics, Inc.",26.7,⚠️ D급 (회피),D,10.0,0.0,5.0,6.7,5.0,0.0,0.0,44.0,15.82,33.09,9.74,21.78,Industrials,89.0,Neutral,2.4,4.7,buy,214.75,207.39,224.76,409
RJF,"Raymond James Financial, Inc.",26.6,⚠️ D급 (회피),D,12.6,6.0,1.0,0.0,7.0,5.7,-2.4,19.7,0.46,15.03,2.14,N/A,Financial Services,42.1,Bearish,-5.9,20.2,buy,153.76,149.15,184.83,410
EMR,Emerson Electric Co.,26.3,⚠️ D급 (회피),D,15.0,0.0,3.0,2.3,6.0,4.1,4.9,24.6,0.69,36.01,4.53,16.11,Industrials,35.6,Neutral,1.2,13.7,buy,146.57,145.99,166.66,411
ED,"Consolidated Edison, Inc.",26.2,⚠️ D급 (회피),D,6.8,11.0,2.0,4.4,2.0,8.9,-8.2,17.8,1.17,19.92,2.4,11.18,Utilities,65.4,Bullish,9.6,-2.5,hold,112.36,104.5,129.21,412
CL,Colgate-Palmolive Company,26.1,⚠️ D급 (회피),D,11.0,0.0,4.0,6.1,5.0,5.8,0.0,20.4,23.44,36.32,3.76,17.26,Consumer Defensive,54.6,Neutral,6.1,1.8,buy,95.51,87.47,97.21,413
ORLY,"O'Reilly Automotive, Inc.",26.1,⚠️ D급 (회피),D,18.0,0.0,1.0,4.1,3.0,7.8,13.9,18.8,0.0,31.61,4.46,21.91,Consumer Cyclical,51.1,Bearish,-2.1,12.6,none,93.87,94.36,105.72,414
ABNB,"Airbnb, Inc.",26.0,⚠️ D급 (회피),D,9.4,0.0,6.0,4.6,6.0,12.0,-23.7,9.7,0.28,33.01,6.52,27.59,Consumer Cyclical,66.2,Neutral,3.5,8.9,buy,133.04,131.04,144.83,415
TT,Trane Technologies plc,25.9,⚠️ D급 (회피),D,11.9,0.0,4.0,4.0,6.0,5.6,-0.5,15.5,0.63,33.9,4.64,24.3,Industrials,42.1,Neutral,7.0,7.6,buy,445.83,418.79,479.73,416
IEX,IDEX Corporation,25.8,⚠️ D급 (회피),D,16.0,0.0,4.0,2.8,3.0,4.2,5.5,20.7,0.48,32.55,4.52,18.14,Industrials,40.9,Neutral,7.6,7.0,none,208.96,196.07,223.54,417
LMT,Lockheed Martin Corporation,25.7,⚠️ D급 (회피),D,12.0,2.0,2.0,7.7,2.0,9.1,161.0,9.0,3.39,31.06,2.06,20.8,Industrials,66.1,Bullish,7.7,-1.5,hold,667.82,580.6,767.99,418
SNA,Snap-on Incorporated,25.6,⚠️ D급 (회피),D,16.0,2.0,0.0,5.6,2.0,3.1,2.9,25.4,0.22,20.0,3.87,14.06,Industrials,60.9,Bullish,6.1,-1.9,hold,383.84,366.25,441.42,419
URI,"United Rentals, Inc.",25.6,⚠️ D급 (회피),D,9.7,4.0,0.0,4.9,7.0,2.8,-1.9,25.2,1.75,21.6,3.29,15.2,Industrials,39.4,Bearish,9.4,18.8,buy,833.47,867.38,989.89,420
DE,Deere & Company,25.6,⚠️ D급 (회피),D,4.4,0.0,6.0,9.2,6.0,13.0,-24.1,9.3,2.4,33.45,3.59,26.22,Industrials,57.0,Bullish,18.5,7.4,buy,619.22,540.75,665.33,421
GEV,GE Vernova Inc.,25.5,⚠️ D급 (회피),D,17.0,0.0,0.0,4.5,4.0,3.8,671.7,7.4,0.1,47.62,6.0,73.56,Industrials,63.0,Bullish,13.7,-2.2,buy,842.0,730.5,968.3,422
BF-B,Brown-Forman Corporation,25.4,⚠️ D급 (회피),D,6.8,4.0,3.0,7.6,4.0,-5.4,-13.9,29.4,0.64,16.45,3.35,13.08,Consumer Defensive,37.5,Neutral,5.9,7.8,hold,28.13,27.85,30.32,423
HLT,Hilton Worldwide Holdings Inc.,25.4,⚠️ D급 (회피),D,12.0,0.0,3.0,4.4,6.0,7.0,-38.5,46.3,0.0,49.99,14.35,28.92,Consumer Cyclical,31.5,Neutral,3.2,7.3,buy,305.94,302.59,328.28,424
KO,The Coca-Cola Company,25.3,⚠️ D급 (회피),D,11.0,0.0,2.0,6.3,6.0,2.4,3.6,24.7,1.4,26.1,7.12,23.35,Consumer Defensive,63.4,Bullish,7.5,5.1,buy,79.34,74.25,83.36,425
GS,"The Goldman Sachs Group, Inc.",25.2,⚠️ D급 (회피),D,16.0,4.0,0.0,1.2,4.0,15.2,17.3,38.3,5.96,16.81,4.4,N/A,Financial Services,32.9,Bearish,-6.2,11.2,hold,862.58,836.7,959.2,426
BA,The Boeing Company,25.2,⚠️ D급 (회피),D,10.7,2.0,4.0,1.5,7.0,57.1,0.0,-3.2,10.33,90.01,1.97,N/A,Industrials,29.2,Neutral,-1.7,21.2,buy,224.12,233.77,271.62,427
NSC,Norfolk Southern Corporation,25.1,⚠️ D급 (회피),D,7.0,2.0,6.0,8.2,2.0,-1.7,-11.4,31.2,1.15,24.88,5.85,15.64,Industrials,53.8,Bullish,11.5,-1.7,hold,317.26,297.75,364.85,428
C,Citigroup Inc.,25.1,⚠️ D급 (회피),D,11.4,4.0,0.0,2.7,7.0,4.4,-10.8,25.7,0.0,15.85,2.56,N/A,Financial Services,35.4,Bearish,-2.5,21.7,buy,110.76,116.04,134.77,429
BLDR,"Builders FirstSource, Inc.",25.0,⚠️ D급 (회피),D,0.0,15.0,2.0,0.0,8.0,-12.1,-82.9,1.8,1.17,25.05,0.71,11.39,Industrials,10.9,Bearish,-11.8,30.6,buy,97.45,94.53,127.29,430
ETSY,"Etsy, Inc.",24.9,🚫 F급 (투자 부적합),F,9.9,4.0,7.0,0.0,4.0,3.5,-7.1,14.7,0.0,36.8,1.87,16.08,Consumer Cyclical,50.8,Neutral,3.8,13.4,hold,54.46,55.67,61.73,431
MAA,"Mid-America Apartment Communities, Inc.",24.8,🚫 F급 (투자 부적합),F,8.0,9.0,0.0,1.8,6.0,1.0,-65.8,28.4,0.93,35.34,7.26,17.02,Real Estate,39.8,Bearish,3.1,8.8,buy,133.57,134.71,145.38,432
ROL,"Rollins, Inc.",24.4,🚫 F급 (투자 부적합),F,15.0,0.0,2.0,1.4,6.0,9.7,9.9,17.6,0.76,55.2,7.7,34.99,Consumer Cyclical,35.8,Neutral,-2.8,5.8,buy,60.17,61.35,63.66,433
RKLB,Rocket Lab Corporation,24.3,🚫 F급 (투자 부적합),F,13.2,0.0,1.0,2.1,8.0,35.7,0.0,-28.4,0.15,530.93,62.25,N/A,Industrials,47.0,Bearish,-3.3,28.2,buy,70.13,68.03,89.88,434
FANG,"Diamondback Energy, Inc.",23.9,🚫 F급 (투자 부적합),F,3.1,1.0,10.0,6.8,3.0,-9.4,0.0,-81.2,0.34,30.98,3.56,6.79,Energy,66.7,Bullish,14.1,5.8,strong_buy,177.53,158.8,187.77,435
KMB,Kimberly-Clark Corporation,23.6,🚫 F급 (투자 부적합),F,6.9,4.0,2.0,6.7,4.0,-0.6,11.0,13.2,4.65,21.53,2.11,13.02,Consumer Defensive,47.2,Neutral,7.3,13.9,hold,104.64,103.02,119.21,436
SHW,The Sherwin-Williams Company,23.5,🚫 F급 (투자 부적합),F,9.0,0.0,2.0,6.5,6.0,5.6,1.4,14.2,3.06,34.0,3.67,22.24,Basic Materials,36.5,Neutral,0.3,11.3,buy,348.83,349.09,388.14,437
ENPH,"Enphase Energy, Inc.",23.3,🚫 F급 (투자 부적합),F,0.0,10.0,3.0,6.3,4.0,-10.3,-36.4,6.3,1.14,33.49,3.84,22.58,Technology,37.4,Neutral,20.6,6.5,hold,43.2,39.82,45.99,438
GNRC,Generac Holdings Inc.,23.3,🚫 F급 (투자 부적합),F,4.6,0.0,4.0,8.7,6.0,-11.6,0.0,-0.9,0.52,81.93,3.08,28.99,Industrials,70.5,Bullish,31.6,9.2,buy,221.21,177.74,241.65,439
INTC,Intel Corporation,23.2,🚫 F급 (투자 부적합),F,7.2,11.0,2.0,0.0,3.0,-4.1,0.0,5.1,0.37,43.48,4.07,18.76,Technology,35.4,Neutral,-9.5,9.3,none,43.1,44.52,47.12,440
BXP,"BXP, Inc.",23.0,🚫 F급 (투자 부적합),F,0.0,13.0,2.0,0.0,8.0,-31.9,0.0,-6.6,2.26,31.75,3.1,16.88,Real Estate,25.5,Bearish,-10.2,33.3,buy,55.25,53.59,73.65,441
JPM,JPMorgan Chase & Co.,23.0,🚫 F급 (투자 부적합),F,13.5,2.0,0.0,1.5,6.0,2.5,-3.6,41.1,0.0,14.99,4.81,N/A,Financial Services,34.7,Bearish,-0.4,14.7,buy,300.26,312.44,344.35,442
ADM,Archer-Daniels-Midland Company,22.9,🚫 F급 (투자 부적합),F,1.3,10.0,6.0,4.6,1.0,-13.7,-19.7,1.8,0.42,30.49,0.41,16.55,Consumer Defensive,49.4,Bullish,2.8,-10.7,hold,67.99,64.4,78.19,443
MLM,"Martin Marietta Materials, Inc.",22.9,🚫 F급 (투자 부적합),F,11.4,0.0,3.0,2.5,6.0,8.6,-4.1,23.1,0.6,40.17,6.44,21.6,Basic Materials,35.4,Neutral,2.7,7.0,buy,656.78,655.78,702.62,444
ITW,Illinois Tool Works Inc.,22.6,🚫 F급 (투자 부적합),F,11.0,0.0,3.0,6.6,2.0,4.1,7.3,26.8,2.86,27.24,5.14,19.5,Industrials,34.6,Neutral,10.4,-2.2,hold,285.98,269.91,328.88,445
MPWR,"Monolithic Power Systems, Inc.",22.5,🚫 F급 (투자 부적합),F,14.0,0.0,4.0,0.5,4.0,20.8,-86.2,26.6,0.68,84.0,18.75,65.98,Technology,41.2,Neutral,-6.3,23.6,strong_buy,1074.37,1073.7,1328.29,446
WAT,Waters Corporation,22.5,🚫 F급 (투자 부적합),F,14.5,0.0,0.0,0.0,8.0,6.8,-3.1,33.8,0.6,28.98,9.67,28.86,Healthcare,38.8,Bearish,-15.5,27.5,buy,312.14,302.78,398.05,447
TRGP,Targa Resources Corp.,22.1,🚫 F급 (투자 부적합),F,8.4,0.0,7.0,5.7,1.0,-7.9,74.5,22.6,5.49,28.74,3.08,14.44,Energy,80.2,Bullish,25.0,-1.5,strong_buy,244.04,201.02,280.65,448
WELL,Welltower Inc.,21.9,🚫 F급 (투자 부적합),F,8.2,0.0,2.0,5.7,6.0,41.3,-26.3,-28.2,0.49,147.52,13.39,61.0,Real Estate,62.8,Bullish,13.5,9.0,buy,208.0,193.03,226.75,449
VMC,Vulcan Materials Company,21.9,🚫 F급 (투자 부적합),F,7.9,0.0,2.0,6.0,6.0,3.2,-13.8,17.5,0.58,36.76,4.99,19.02,Basic Materials,33.5,Neutral,0.2,9.5,buy,300.0,303.88,328.43,450
TECH,Bio-Techne Corporation,21.9,🚫 F급 (투자 부적합),F,11.9,0.0,2.0,0.0,8.0,-0.4,9.1,19.7,0.17,107.53,7.34,27.49,Healthcare,29.5,Bearish,-10.4,32.0,buy,56.99,55.28,75.25,451
MAR,"Marriott International, Inc.",21.9,🚫 F급 (투자 부적합),F,12.0,0.0,3.0,0.9,6.0,4.2,1.6,3.8,0.0,35.32,3.38,23.02,Consumer Cyclical,31.9,Neutral,7.6,5.6,buy,335.91,327.22,354.72,452
WBD,"Warner Bros. Discovery, Inc.",21.1,🚫 F급 (투자 부적합),F,7.9,6.0,1.0,3.2,3.0,-5.7,0.0,7.4,0.99,148.42,1.88,14.04,Communication Services,55.4,Neutral,4.6,3.5,hold,28.2,28.31,29.19,453
WYNN,"Wynn Resorts, Limited",21.0,🚫 F급 (투자 부적합),F,7.0,9.0,0.0,0.0,5.0,1.5,-59.3,15.7,0.0,32.57,1.49,11.42,Consumer Cyclical,32.5,Bearish,-3.9,38.7,strong_buy,102.28,99.21,141.83,454
CMG,"Chipotle Mexican Grill, Inc.",21.0,🚫 F급 (투자 부적합),F,11.0,0.0,1.0,2.0,7.0,4.9,4.0,15.2,1.79,32.39,4.09,21.88,Consumer Cyclical,43.1,Bearish,-1.9,20.0,buy,36.93,38.46,44.32,455
F,Ford Motor Company,21.0,🚫 F급 (투자 부적합),F,0.0,14.0,3.0,0.0,4.0,-4.8,0.0,-6.7,4.61,6.97,0.27,34.86,Consumer Cyclical,41.3,Neutral,-4.9,10.1,hold,12.7,12.32,13.99,456
XOM,Exxon Mobil Corporation,21.0,🚫 F급 (투자 부적합),F,5.1,0.0,6.0,5.9,4.0,-1.3,-11.0,9.5,0.19,22.66,1.95,11.45,Energy,51.8,Bullish,12.6,-5.0,buy,151.83,135.41,174.6,457
SBUX,Starbucks Corporation,20.9,🚫 F급 (투자 부적합),F,5.0,0.0,6.0,4.9,5.0,5.5,-62.5,9.3,0.0,80.57,2.92,24.93,Consumer Cyclical,49.4,Bullish,8.3,3.6,buy,96.68,92.3,100.16,458
STZ,"Constellation Brands, Inc.",20.8,🚫 F급 (투자 부적합),F,4.8,5.0,3.0,2.0,6.0,-9.8,-15.0,33.9,1.33,24.49,2.89,10.67,Consumer Defensive,38.0,Neutral,2.4,9.4,buy,156.02,152.78,170.73,459
SLB,SLB N.V.,20.8,🚫 F급 (투자 부적합),F,9.0,0.0,4.0,1.8,6.0,5.0,-28.6,16.0,0.46,20.67,2.03,10.61,Energy,42.8,Neutral,3.9,14.3,buy,48.58,46.57,55.55,460
CLX,The Clorox Company,20.7,🚫 F급 (투자 부적합),F,0.0,6.0,4.0,7.7,3.0,-0.8,-16.2,14.0,91.91,19.83,2.19,14.49,Consumer Defensive,49.4,Neutral,9.1,1.9,hold,121.15,112.04,123.47,461
GWW,"W.W. Grainger, Inc.",20.7,🚫 F급 (투자 부적합),F,9.7,0.0,6.0,3.0,2.0,4.5,-2.0,14.7,0.69,32.57,3.05,19.31,Industrials,41.4,Bullish,7.4,-0.7,hold,1151.41,1083.4,1324.12,462
MDLZ,"Mondelez International, Inc.",20.4,🚫 F급 (투자 부적합),F,6.0,0.0,4.0,4.4,6.0,9.3,-60.4,9.5,0.85,31.1,1.97,19.08,Consumer Defensive,43.5,Neutral,2.3,13.8,buy,58.77,57.55,66.88,463
AFL,Aflac Incorporated,20.1,🚫 F급 (투자 부적합),F,6.6,6.0,3.0,1.5,3.0,-9.9,-22.9,33.6,0.43,16.49,3.43,13.16,Financial Services,37.4,Neutral,3.1,0.5,hold,112.43,111.1,113.0,464
ODFL,"Old Dominion Freight Line, Inc.",20.0,🚫 F급 (투자 부적합),F,1.3,0.0,8.0,8.7,2.0,-5.7,-10.5,23.3,3.28,42.87,7.91,25.13,Industrials,61.9,Bullish,13.9,-4.7,hold,207.94,180.13,239.13,465
MAS,Masco Corporation,19.7,🚫 F급 (투자 부적합),F,0.7,11.0,4.0,0.0,4.0,-1.9,-5.9,14.8,42.3,17.62,1.83,11.8,Industrials,17.8,Neutral,4.8,18.1,none,68.03,69.18,80.32,466
CHD,"Church & Dwight Co., Inc.",19.5,🚫 F급 (투자 부적합),F,6.9,0.0,2.0,5.6,5.0,3.9,-20.8,18.6,0.6,34.11,3.99,19.07,Consumer Defensive,63.9,Bullish,8.3,0.5,buy,103.02,93.52,103.58,467
CAT,Caterpillar Inc.,19.4,🚫 F급 (투자 부적합),F,8.3,0.0,4.0,2.1,5.0,18.0,-11.4,16.0,2.07,38.45,5.0,26.56,Industrials,44.3,Neutral,6.7,0.5,buy,722.18,668.08,725.52,468
WY,Weyerhaeuser Company,19.3,🚫 F급 (투자 부적합),F,0.0,6.0,4.0,1.3,8.0,-9.8,-9.1,-11.4,0.61,55.04,2.59,32.73,Real Estate,19.6,Neutral,-2.0,28.5,buy,24.77,25.44,31.82,469
TSCO,Tractor Supply Company,19.2,🚫 F급 (투자 부적합),F,3.7,6.0,2.0,1.5,6.0,3.3,-2.2,7.6,2.3,25.05,1.75,16.78,Consumer Cyclical,39.4,Neutral,-0.0,11.6,buy,51.6,52.19,57.59,470
MMM,3M Company,19.2,🚫 F급 (투자 부적합),F,3.0,2.0,4.0,4.2,6.0,2.0,-19.9,12.4,2.77,26.37,3.35,14.75,Industrials,21.6,Neutral,5.9,12.8,buy,158.48,163.17,178.73,471
KMX,"CarMax, Inc.",19.0,🚫 F급 (투자 부적합),F,0.0,16.0,2.0,0.0,1.0,-6.7,-47.2,1.8,2.98,13.72,0.22,22.48,Consumer Cyclical,38.5,Neutral,-4.4,-6.2,hold,41.84,43.64,48.12,472
WTW,Willis Towers Watson Public Limited Company,18.3,🚫 F급 (투자 부적합),F,6.3,4.0,1.0,0.0,7.0,-3.3,-38.2,35.4,0.86,18.63,2.99,12.36,Financial Services,60.1,Bearish,-2.1,21.9,buy,303.07,317.4,369.42,473
CHRW,"C.H. Robinson Worldwide, Inc.",17.2,🚫 F급 (투자 부적합),F,3.4,2.0,6.0,0.8,5.0,-6.5,-8.5,5.1,0.76,40.02,1.41,27.62,Industrials,48.0,Bullish,-0.4,0.1,buy,193.32,178.8,193.52,474
WMT,Walmart Inc.,17.2,🚫 F급 (투자 부적합),F,7.2,0.0,6.0,1.1,3.0,5.6,-19.0,4.6,0.63,47.03,1.43,24.5,Consumer Defensive,52.1,Bullish,5.3,6.2,strong_buy,127.91,120.59,135.9,475
HON,Honeywell International Inc.,17.1,🚫 F급 (투자 부적합),F,0.0,0.0,6.0,6.1,5.0,-3.3,-76.4,15.4,2.37,32.26,4.39,21.11,Industrials,53.1,Bullish,9.9,2.2,buy,243.85,220.79,249.18,476
BKR,Baker Hughes Company,17.1,🚫 F급 (투자 부적합),F,7.2,0.0,0.0,5.9,4.0,0.3,-25.6,12.5,0.35,24.05,2.23,13.84,Energy,64.6,Bullish,13.4,-1.9,buy,62.54,54.6,71.92,477
POOL,Pool Corporation,17.0,🚫 F급 (투자 부적합),F,2.0,6.0,2.0,0.0,7.0,-0.5,-12.9,5.3,1.3,20.41,1.56,15.16,Industrials,23.1,Bearish,-10.6,20.3,buy,221.22,214.58,266.09,478
VST,Vistra Corp.,16.7,🚫 F급 (투자 부적합),F,0.0,2.0,1.0,7.7,6.0,13.6,-52.3,8.8,4.0,58.17,3.09,15.25,Utilities,52.2,Neutral,7.0,42.3,strong_buy,161.7,163.37,230.05,479
CARR,Carrier Global Corporation,16.6,🚫 F급 (투자 부적합),F,0.8,0.0,3.0,5.8,7.0,-6.0,-97.8,1.9,0.88,36.2,2.35,18.44,Industrials,37.5,Neutral,3.5,17.4,buy,61.17,58.72,71.8,480
ASTS,"AST SpaceMobile, Inc.",16.0,🚫 F급 (투자 부적합),F,12.0,0.0,3.0,0.0,1.0,2731.3,0.0,-133.1,0.94,53.11,496.73,N/A,Technology,46.9,Neutral,-9.2,-9.8,hold,92.68,93.16,106.58,481
CVX,Chevron Corporation,15.8,🚫 F급 (투자 부적합),F,1.8,0.0,2.0,8.0,4.0,-8.2,-23.8,9.5,0.24,28.47,2.04,11.24,Energy,67.5,Bullish,11.7,-1.5,buy,188.77,168.7,217.09,482
MRNA,"Moderna, Inc.",15.8,🚫 F급 (투자 부적합),F,0.0,0.0,10.0,5.8,0.0,-29.8,0.0,-126.4,0.15,N/A,10.12,N/A,Healthcare,70.5,Bullish,19.3,-15.2,hold,49.83,41.49,57.3,483
EXPD,"Expeditors International of Washington, Inc.",15.6,🚫 F급 (투자 부적합),F,4.6,6.0,0.0,4.0,1.0,-3.3,-11.5,8.8,0.24,24.88,1.79,17.15,Industrials,39.3,Bearish,-7.3,-6.2,hold,148.04,155.25,170.25,484
HD,"The Home Depot, Inc.",15.5,🚫 F급 (투자 부적합),F,0.0,6.0,2.0,1.5,6.0,-3.8,-14.5,10.1,5.1,25.77,2.22,17.12,Consumer Cyclical,31.3,Neutral,-0.8,11.8,buy,366.92,371.33,410.27,485
EA,Electronic Arts Inc.,15.4,🚫 F급 (투자 부적합),F,5.0,0.0,7.0,0.4,3.0,1.0,-68.5,8.6,0.36,75.08,6.89,36.95,Communication Services,43.3,Neutral,1.1,2.2,hold,201.22,202.56,205.59,486
EL,The Estée Lauder Companies Inc.,15.0,🚫 F급 (투자 부적합),F,11.0,0.0,1.0,0.0,3.0,5.6,0.0,14.3,2.33,32.57,2.43,19.05,Consumer Defensive,46.6,Bearish,-14.5,9.2,none,98.71,95.75,107.83,487
DOW,Dow Inc.,14.9,🚫 F급 (투자 부적합),F,0.9,6.0,3.0,3.0,2.0,-9.1,0.0,-3.1,1.12,54.54,0.55,14.39,Basic Materials,34.0,Neutral,9.9,-2.6,hold,30.74,27.79,35.35,488
NKE,"NIKE, Inc.",14.8,🚫 F급 (투자 부적합),F,4.0,2.0,0.0,0.8,8.0,0.6,-32.1,8.1,0.8,34.73,1.89,23.86,Consumer Cyclical,39.4,Bearish,-1.7,28.2,buy,59.39,57.61,76.15,489
PCAR,PACCAR Inc,10.0,🚫 F급 (투자 부적합),F,0.0,2.0,3.0,0.0,5.0,-13.7,-35.9,9.2,0.82,26.87,2.24,20.53,Industrials,39.7,Neutral,-0.3,3.0,buy,121.19,120.68,124.79,490
TSLA,"Tesla, Inc.",6.9,🚫 F급 (투자 부적합),F,2.4,0.0,0.0,0.5,4.0,-3.1,-60.6,4.7,0.18,356.75,15.53,137.48,Consumer Cyclical,29.2,Bearish,-4.8,7.3,hold,392.43,380.66,420.9,491
