ticker,institutional_pct,insider_pct,short_pct,float_shares_m,num_inst_holders,insider_buys,insider_sells,insider_sentiment,institutional_score,institutional_stage
A,92.9,0.31,1.72,281.83,10,0,0,Neutral,70,Strong Institutional Support
AAL,71.19,1.85,6.86,650.2,10,0,0,Neutral,60,Institutional Support
AAPL,65.18,1.84,0.91,14656.18,10,0,0,Neutral,65,Institutional Support
ABBV,76.38,0.5,1.29,1765.09,10,0,0,Neutral,65,Institutional Support
ABNB,86.39,1.52,3.65,407.83,10,0,0,Neutral,65,Institutional Support
ABT,81.92,0.87,0.99,1727.1,10,0,0,Neutral,70,Strong Institutional Support
ACGL,93.17,3.34,1.83,343.33,10,0,0,Neutral,70,Strong Institutional Support
ACN,82.7,0.39,2.76,614.09,10,0,0,Neutral,70,Strong Institutional Support
ADBE,86.95,0.36,3.02,409.18,10,0,0,Neutral,65,Institutional Support
ADI,93.39,1.04,1.87,486.48,10,0,0,Neutral,70,Strong Institutional Support
ADM,87.99,0.79,3.62,476.95,10,0,0,Neutral,65,Institutional Support
ADP,86.46,0.45,2.77,401.75,10,0,0,Neutral,70,Strong Institutional Support
ADSK,95.34,0.4,3.02,211.47,10,0,0,Neutral,65,Institutional Support
AEE,85.61,0.38,3.42,275.0,10,0,0,Neutral,65,Institutional Support
AEP,84.84,0.69,3.45,539.93,10,0,0,Neutral,65,Institutional Support
AES,88.17,0.85,3.16,707.48,10,0,0,Neutral,65,Institutional Support
AFL,59.55,11.22,1.43,511.92,10,0,0,Neutral,55,Institutional Support
AIG,99.35,0.62,2.13,534.61,10,0,0,Neutral,70,Strong Institutional Support
AIZ,97.52,0.67,2.37,49.4,10,0,0,Neutral,70,Strong Institutional Support
AJG,93.66,1.14,2.17,254.4,10,0,0,Neutral,70,Strong Institutional Support
AKAM,102.49,2.15,12.12,141.59,10,0,0,Neutral,55,Institutional Support
ALB,94.64,0.45,10.98,117.43,10,0,0,Neutral,55,Institutional Support
ALGN,95.38,7.06,4.28,66.74,10,0,0,Neutral,65,Institutional Support
ALL,82.49,1.65,2.51,257.95,10,0,0,Neutral,70,Strong Institutional Support
ALLE,97.6,1.75,3.34,84.89,10,0,0,Neutral,65,Institutional Support
AMAT,85.38,0.47,1.86,790.15,10,0,0,Neutral,70,Strong Institutional Support
AMCR,70.0,0.38,6.16,459.94,10,0,0,Unknown,60,Institutional Support
AMD,72.19,0.63,1.89,1621.48,10,0,0,Neutral,65,Institutional Support
AME,92.14,0.56,1.19,227.64,10,0,0,Neutral,70,Strong Institutional Support
AMGN,85.04,0.5,2.69,537.73,10,0,0,Neutral,70,Strong Institutional Support
AMP,89.86,0.41,4.18,90.8,10,0,0,Neutral,65,Institutional Support
AMT,96.13,0.38,1.66,464.8,10,0,0,Neutral,70,Strong Institutional Support
AMZN,67.21,9.27,0.9,9754.18,10,0,0,Neutral,65,Institutional Support
ANET,70.78,18.0,1.24,1038.57,10,0,0,Neutral,65,Institutional Support
ANSS,0.0,0.0,0.0,0.0,0,0,0,Unknown,45,Neutral
AON,88.82,2.96,1.04,208.03,10,0,0,Neutral,70,Strong Institutional Support
AOS,107.67,0.86,5.57,111.24,10,0,0,Neutral,65,Institutional Support
APA,99.31,0.62,11.92,351.02,10,0,0,Neutral,55,Institutional Support
APD,93.89,3.26,2.33,222.3,10,0,0,Neutral,70,Strong Institutional Support
APH,97.86,0.68,1.54,1221.37,10,0,0,Neutral,70,Strong Institutional Support
APTV,102.92,0.48,3.91,210.74,10,0,0,Neutral,65,Institutional Support
ARE,97.79,1.53,6.45,154.01,10,0,0,Neutral,65,Institutional Support
ATO,99.79,0.88,2.77,164.74,10,0,0,Neutral,70,Strong Institutional Support
AVB,99.47,0.47,5.12,131.32,10,0,0,Neutral,65,Institutional Support
AVGO,79.28,2.41,1.19,405.88,10,0,0,Neutral,65,Institutional Support
AVY,98.73,1.18,3.17,76.23,10,0,0,Neutral,65,Institutional Support
AWK,99.47,0.55,6.2,194.8,10,0,0,Neutral,65,Institutional Support
AXON,86.12,5.02,3.7,76.44,10,0,0,Neutral,65,Institutional Support
AXP,64.77,22.37,1.61,533.55,10,0,0,Neutral,65,Institutional Support
AZO,94.16,0.6,2.17,16.52,10,0,0,Neutral,70,Strong Institutional Support
BA,73.88,0.25,1.74,753.48,10,0,0,Neutral,65,Institutional Support
BAC,71.06,7.49,1.4,7149.34,10,0,0,Neutral,65,Institutional Support
BALL,89.12,0.96,1.96,265.03,10,0,0,Neutral,70,Strong Institutional Support
BAX,109.8,0.56,12.47,512.29,10,0,0,Neutral,55,Institutional Support
BBWI,100.0,0.7,7.63,192.39,10,0,0,Neutral,65,Institutional Support
BBY,99.61,10.42,13.43,194.42,10,0,0,Neutral,55,Institutional Support
BDX,96.08,0.68,5.8,284.0,10,0,0,Neutral,65,Institutional Support
BEN,48.12,48.51,6.38,303.41,10,0,0,Neutral,50,Neutral
BF-B,75.83,3.09,16.56,326.38,10,0,0,Neutral,50,Neutral
BG,76.77,17.77,3.48,159.21,10,0,0,Neutral,60,Institutional Support
BIIB,97.55,0.26,4.0,146.28,10,0,0,Neutral,65,Institutional Support
BIO,90.43,16.33,4.95,21.13,10,0,0,Neutral,65,Institutional Support
BK,88.09,0.39,1.4,685.33,10,0,0,Neutral,70,Strong Institutional Support
BKNG,112.04,0.26,2.59,31.58,10,0,0,Neutral,70,Strong Institutional Support
BKR,102.38,0.85,3.29,986.09,10,0,0,Neutral,65,Institutional Support
BLDR,96.89,2.84,5.74,107.63,10,0,0,Neutral,65,Institutional Support
BLK,82.58,1.97,0.97,144.42,10,0,0,Neutral,70,Strong Institutional Support
BMY,82.85,0.33,1.56,2033.32,10,0,0,Neutral,70,Strong Institutional Support
BR,95.01,0.89,2.62,116.19,10,0,0,Neutral,70,Strong Institutional Support
BRK-B,67.09,0.68,0.88,1.24,10,0,0,Neutral,65,Institutional Support
BRO,82.63,13.26,6.3,293.61,10,0,0,Neutral,65,Institutional Support
BSX,94.7,0.35,1.8,1479.67,10,0,0,Neutral,70,Strong Institutional Support
BWA,107.84,1.2,4.2,204.76,10,0,0,Neutral,65,Institutional Support
BX,69.64,1.18,1.75,743.23,10,0,0,Neutral,65,Institutional Support
BXP,116.97,0.49,9.85,147.09,10,0,0,Neutral,65,Institutional Support
C,81.03,0.41,1.6,1743.55,10,0,0,Neutral,70,Strong Institutional Support
CAG,87.15,0.77,8.69,474.98,10,0,0,Neutral,65,Institutional Support
CAH,90.5,0.42,2.45,234.85,10,0,0,Neutral,70,Strong Institutional Support
CARR,86.03,6.35,2.74,783.55,10,0,0,Neutral,70,Strong Institutional Support
CAT,72.44,0.43,2.15,463.87,10,0,0,Neutral,65,Institutional Support
CB,83.8,10.4,0.93,354.17,10,0,0,Neutral,70,Strong Institutional Support
CBOE,89.27,0.53,2.98,104.24,10,0,0,Neutral,70,Strong Institutional Support
CBRE,99.1,0.69,1.63,287.89,10,0,0,Neutral,70,Strong Institutional Support
CCI,99.45,0.37,2.83,435.15,10,0,0,Neutral,70,Strong Institutional Support
CCL,71.48,7.92,3.56,1283.25,10,0,0,Neutral,60,Institutional Support
CDNS,90.12,0.5,2.09,271.57,10,0,0,Neutral,70,Strong Institutional Support
CDW,97.8,0.51,4.4,128.52,10,0,0,Neutral,65,Institutional Support
CE,103.26,0.54,7.58,108.99,10,0,0,Neutral,65,Institutional Support
CEG,78.98,0.44,2.45,338.92,10,0,0,Neutral,65,Institutional Support
CF,106.5,0.78,8.66,152.07,10,0,0,Neutral,65,Institutional Support
CFG,99.82,1.1,4.62,420.73,10,0,0,Neutral,65,Institutional Support
CHD,93.74,0.51,4.92,236.04,10,0,0,Neutral,65,Institutional Support
CHRW,102.82,1.64,7.13,118.14,10,0,0,Neutral,65,Institutional Support
CHTR,81.71,36.26,26.19,81.7,10,0,0,Neutral,55,Institutional Support
CI,91.37,2.05,2.27,262.24,10,0,0,Neutral,70,Strong Institutional Support
CINF,71.1,1.67,1.81,152.83,10,0,0,Neutral,65,Institutional Support
CL,86.26,0.32,2.29,751.48,10,0,0,Neutral,70,Strong Institutional Support
CLX,84.91,0.8,7.11,120.51,10,0,0,Neutral,65,Institutional Support
CMCSA,88.64,1.31,2.37,3561.22,10,0,0,Neutral,70,Strong Institutional Support
CME,91.94,1.52,1.5,357.07,10,0,0,Neutral,70,Strong Institutional Support
CMG,91.14,1.02,2.82,1292.82,10,0,0,Neutral,70,Strong Institutional Support
CMI,87.25,0.7,1.26,137.57,10,0,0,Neutral,70,Strong Institutional Support
CMS,98.32,0.66,5.41,304.3,10,0,0,Neutral,65,Institutional Support
CNC,98.42,0.85,3.35,458.98,10,0,0,Neutral,65,Institutional Support
CNP,101.94,0.94,7.08,648.84,10,0,0,Neutral,65,Institutional Support
COF,88.49,1.97,1.3,609.18,10,0,0,Neutral,70,Strong Institutional Support
COO,105.88,0.96,3.65,194.54,10,0,0,Neutral,65,Institutional Support
COP,84.85,0.3,1.67,1219.69,10,0,0,Neutral,70,Strong Institutional Support
COR,96.86,4.96,3.13,186.15,10,0,0,Neutral,65,Institutional Support
COST,72.6,0.47,1.58,442.65,10,0,0,Neutral,65,Institutional Support
CPAY,94.67,4.13,3.41,65.52,10,0,0,Neutral,65,Institutional Support
CPB,62.14,33.78,22.58,192.25,10,0,0,Neutral,50,Neutral
CPRT,85.93,8.74,4.32,886.95,10,0,0,Neutral,65,Institutional Support
CPT,106.08,1.52,6.19,104.38,10,0,0,Neutral,65,Institutional Support
CRL,109.92,1.49,6.9,48.66,10,0,0,Neutral,65,Institutional Support
CRM,84.25,3.02,2.1,909.76,10,0,0,Neutral,70,Strong Institutional Support
CSCO,81.95,0.3,1.4,3943.34,10,0,0,Neutral,70,Strong Institutional Support
CSGP,103.78,1.28,5.4,414.42,10,0,0,Neutral,65,Institutional Support
CSX,80.98,0.39,1.67,1855.95,10,0,0,Neutral,70,Strong Institutional Support
CTAS,67.66,15.11,2.33,341.9,10,0,0,Neutral,65,Institutional Support
CTLT,0.0,0.0,0.0,0.0,0,0,0,Unknown,45,Neutral
CTRA,96.55,1.76,3.26,747.72,10,0,0,Neutral,65,Institutional Support
CTSH,104.66,0.17,8.15,477.18,10,0,0,Neutral,65,Institutional Support
CTVA,87.75,0.56,1.63,670.74,10,0,0,Neutral,70,Strong Institutional Support
CVS,90.83,1.26,1.31,1269.62,10,0,0,Neutral,70,Strong Institutional Support
CVX,67.84,6.96,1.17,1854.11,10,0,0,Neutral,65,Institutional Support
CZR,111.43,2.39,19.51,192.55,10,0,0,Neutral,55,Institutional Support
D,83.97,0.27,3.66,877.02,10,0,0,Neutral,65,Institutional Support
DAL,86.66,0.76,2.52,644.99,10,0,0,Neutral,70,Strong Institutional Support
DAY,77.96,1.19,15.26,156.93,10,0,0,Neutral,50,Neutral
DD,79.19,0.44,2.34,407.2,10,0,0,Neutral,65,Institutional Support
DE,82.75,0.42,2.34,269.58,10,0,0,Neutral,70,Strong Institutional Support
DECK,98.34,1.28,3.83,140.69,10,0,0,Neutral,65,Institutional Support
DFS,0.0,0.0,0.0,0.0,0,0,0,Unknown,45,Neutral
DG,100.29,0.62,3.59,218.59,10,0,0,Neutral,65,Institutional Support
DGX,100.07,0.8,4.95,109.27,10,0,0,Neutral,65,Institutional Support
DHI,88.44,11.56,7.06,257.22,10,0,0,Neutral,65,Institutional Support
DHR,84.61,11.34,1.12,629.94,10,0,0,Neutral,70,Strong Institutional Support
DIS,77.09,0.26,1.3,1768.86,10,0,0,Neutral,65,Institutional Support
DLR,102.75,0.22,3.9,321.23,10,0,0,Neutral,65,Institutional Support
DLTR,108.93,0.33,7.13,186.15,10,0,0,Neutral,65,Institutional Support
DOC,97.7,0.46,5.96,692.23,10,0,0,Neutral,65,Institutional Support
DOV,92.25,1.52,2.97,134.11,10,0,0,Neutral,70,Strong Institutional Support
DOW,70.33,0.43,3.98,715.7,10,0,0,Neutral,60,Institutional Support
DPZ,91.92,10.7,7.12,32.42,10,0,0,Neutral,65,Institutional Support
DRI,99.74,3.29,6.56,114.62,10,0,0,Neutral,65,Institutional Support
DTE,79.37,0.57,2.29,206.7,10,0,0,Neutral,65,Institutional Support
DUK,70.25,0.46,2.21,775.49,10,0,0,Neutral,65,Institutional Support
DVA,52.84,50.45,21.45,35.33,10,0,0,Neutral,40,Institutional Concern
DVN,82.81,1.59,3.53,614.48,10,0,0,Neutral,65,Institutional Support
DXCM,100.29,1.08,4.89,383.05,10,0,0,Neutral,65,Institutional Support
EA,95.55,0.3,6.1,224.75,10,0,0,Neutral,65,Institutional Support
EBAY,94.92,0.6,3.24,446.34,10,0,0,Neutral,65,Institutional Support
ECL,93.92,0.24,1.28,285.43,10,0,0,Neutral,70,Strong Institutional Support
ED,73.75,0.29,3.07,360.62,10,0,0,Neutral,60,Institutional Support
EFX,98.6,0.95,5.04,119.67,10,0,0,Neutral,65,Institutional Support
EG,99.98,1.77,2.53,30.01,10,0,0,Neutral,70,Strong Institutional Support
EIX,92.81,0.38,4.11,383.79,10,0,0,Neutral,65,Institutional Support
EL,95.36,1.89,3.75,246.22,10,0,0,Neutral,65,Institutional Support
ELV,93.8,0.28,2.11,220.24,10,0,0,Neutral,70,Strong Institutional Support
EMN,91.66,2.39,5.21,112.97,10,0,0,Neutral,65,Institutional Support
EMR,84.16,0.65,2.99,559.91,10,0,0,Neutral,70,Strong Institutional Support
ENPH,98.27,3.42,22.83,127.0,10,0,0,Neutral,55,Institutional Support
EOG,95.1,0.57,2.84,534.5,10,0,0,Neutral,70,Strong Institutional Support
EPAM,105.22,3.89,8.32,52.24,10,0,0,Neutral,65,Institutional Support
EQIX,98.57,0.63,3.07,97.86,10,0,0,Neutral,65,Institutional Support
EQR,96.09,0.6,3.02,339.91,10,0,0,Neutral,65,Institutional Support
EQT,94.65,1.18,3.62,618.94,10,0,0,Neutral,65,Institutional Support
ES,87.32,0.3,2.25,374.69,10,0,0,Neutral,70,Strong Institutional Support
ESS,102.57,1.22,3.4,63.79,10,0,0,Neutral,65,Institutional Support
ETN,85.38,1.67,2.01,386.78,10,0,0,Neutral,70,Strong Institutional Support
ETR,97.26,0.59,3.31,450.57,10,0,0,Neutral,65,Institutional Support
ETSY,120.95,1.29,21.23,84.43,10,0,0,Neutral,55,Institutional Support
EVRG,94.26,0.41,6.71,229.11,10,0,0,Neutral,65,Institutional Support
EW,91.22,1.42,1.55,579.02,10,0,0,Neutral,70,Strong Institutional Support
EXC,92.8,0.18,4.91,1021.04,10,0,0,Neutral,65,Institutional Support
EXPD,101.77,0.95,4.83,132.42,10,0,0,Neutral,65,Institutional Support
EXPE,103.25,1.43,6.89,115.38,10,0,0,Neutral,65,Institutional Support
EXR,103.24,1.13,3.23,208.8,10,0,0,Neutral,65,Institutional Support
F,68.18,0.33,4.84,3881.2,10,0,0,Neutral,60,Institutional Support
FANG,64.89,36.13,5.1,182.35,10,0,0,Neutral,60,Institutional Support
FAST,88.28,0.42,3.3,1144.88,10,0,0,Neutral,65,Institutional Support
FCX,88.72,0.93,2.37,1429.23,10,0,0,Neutral,70,Strong Institutional Support
FDS,100.26,0.84,10.3,36.95,10,0,0,Neutral,55,Institutional Support
FDX,81.45,7.91,1.49,217.12,10,0,0,Neutral,70,Strong Institutional Support
FE,95.27,0.29,6.49,547.35,10,0,0,Neutral,65,Institutional Support
FFIV,109.41,0.64,4.91,55.95,10,0,0,Neutral,65,Institutional Support
FI,0.0,0.0,0.0,0.0,0,0,0,Unknown,45,Neutral
FICO,91.22,3.14,6.73,23.06,10,0,0,Neutral,65,Institutional Support
FIS,99.01,1.22,2.79,513.22,10,0,0,Neutral,70,Strong Institutional Support
FITB,70.07,0.47,5.42,898.0,10,0,0,Neutral,60,Institutional Support
FLT,0.0,0.0,0.0,0.0,0,0,0,Unknown,45,Neutral
FMC,90.83,1.35,14.99,123.46,10,0,0,Neutral,55,Institutional Support
FOX,66.59,38.88,8.22,334.94,10,0,0,Neutral,60,Institutional Support
FOXA,122.69,1.41,18.76,334.94,10,0,0,Neutral,55,Institutional Support
FRT,100.18,1.29,3.29,77.85,10,0,0,Neutral,65,Institutional Support
FSLR,99.29,5.5,9.83,101.42,10,0,0,Neutral,65,Institutional Support
FTNT,71.59,17.53,2.76,622.36,10,0,0,Neutral,65,Institutional Support
FTV,108.53,0.47,6.38,287.0,10,0,0,Neutral,65,Institutional Support
GD,87.07,0.79,1.1,253.15,10,0,0,Neutral,70,Strong Institutional Support
GDDY,103.72,0.85,6.11,132.56,10,0,0,Neutral,65,Institutional Support
GE,80.78,0.31,1.48,1045.21,10,0,0,Neutral,70,Strong Institutional Support
GEHC,93.46,0.5,2.9,454.48,10,0,0,Neutral,70,Strong Institutional Support
GEN,90.75,9.71,4.71,461.42,10,0,0,Neutral,65,Institutional Support
GEV,78.54,0.32,2.25,269.09,10,0,0,Neutral,65,Institutional Support
GILD,92.55,0.3,1.76,1238.64,10,0,0,Neutral,70,Strong Institutional Support
GIS,88.14,0.54,8.11,531.3,10,0,0,Neutral,65,Institutional Support
GL,85.45,1.34,2.28,77.93,10,0,0,Neutral,70,Strong Institutional Support
GLW,74.91,8.43,1.98,787.36,10,0,0,Neutral,65,Institutional Support
GM,88.21,0.49,3.2,900.68,10,0,0,Neutral,65,Institutional Support
GNRC,97.07,2.27,7.06,57.62,10,0,0,Neutral,65,Institutional Support
GOOG,61.0,6.8,0.0,10832.5,10,0,0,Neutral,65,Institutional Support
GOOGL,80.77,0.81,1.26,10832.5,10,0,0,Neutral,70,Strong Institutional Support
GPC,90.73,0.76,3.02,137.03,10,0,0,Neutral,65,Institutional Support
GPN,100.09,1.0,4.51,234.57,10,0,0,Neutral,65,Institutional Support
GRMN,57.6,15.02,2.48,163.97,10,0,0,Neutral,55,Institutional Support
GS,75.61,0.9,2.05,306.66,10,0,0,Neutral,65,Institutional Support
GWW,76.59,6.76,3.78,43.38,10,0,0,Neutral,60,Institutional Support
HAL,88.74,0.72,6.08,832.42,10,0,0,Neutral,65,Institutional Support
HAS,94.5,1.2,3.35,139.9,10,0,0,Neutral,65,Institutional Support
HBAN,72.38,1.21,4.0,2018.0,10,0,0,Neutral,60,Institutional Support
HCA,78.38,16.0,2.57,151.18,10,0,0,Neutral,65,Institutional Support
HD,74.54,0.64,1.02,991.42,10,0,0,Neutral,65,Institutional Support
HES,0.0,0.0,0.0,0.0,0,0,0,Unknown,45,Neutral
HIG,95.57,0.57,2.76,274.4,10,0,0,Neutral,70,Strong Institutional Support
HII,96.3,1.04,4.21,38.94,10,0,0,Neutral,65,Institutional Support
HLT,100.34,2.34,2.55,225.08,10,0,0,Neutral,70,Strong Institutional Support
HOLX,96.75,1.0,2.49,221.22,10,0,0,Neutral,70,Strong Institutional Support
HON,80.86,0.42,1.76,603.01,10,0,0,Neutral,70,Strong Institutional Support
HPE,94.16,1.5,7.68,1327.99,10,0,0,Neutral,65,Institutional Support
HPQ,90.29,0.39,14.14,911.41,10,0,0,Neutral,55,Institutional Support
HRL,92.05,0.51,6.61,290.73,10,0,0,Neutral,65,Institutional Support
HSIC,106.62,1.39,4.7,94.67,10,0,0,Neutral,65,Institutional Support
HST,105.86,1.64,4.92,641.55,10,0,0,Neutral,65,Institutional Support
HSY,88.73,0.69,7.12,145.06,10,0,0,Neutral,65,Institutional Support
HUBB,99.96,0.67,5.42,52.9,10,0,0,Neutral,65,Institutional Support
HUM,102.27,0.32,4.86,120.3,10,0,0,Neutral,65,Institutional Support
HWM,94.28,1.3,3.56,396.87,10,0,0,Neutral,65,Institutional Support
IBM,65.67,0.43,2.34,935.95,10,0,0,Neutral,65,Institutional Support
ICE,94.78,1.44,1.4,564.02,10,0,0,Neutral,70,Strong Institutional Support
IDXX,95.82,0.94,2.87,78.74,10,0,0,Neutral,70,Strong Institutional Support
IEX,107.33,0.48,3.14,74.11,10,0,0,Neutral,65,Institutional Support
IFF,101.56,1.83,4.75,254.86,10,0,0,Neutral,65,Institutional Support
ILMN,105.84,0.43,8.09,148.65,10,0,0,Neutral,65,Institutional Support
INCY,104.73,1.9,7.75,166.88,10,0,0,Neutral,65,Institutional Support
INTC,61.99,4.43,2.36,4986.06,10,0,0,Neutral,65,Institutional Support
INTU,89.97,2.51,3.41,270.32,10,0,0,Neutral,65,Institutional Support
INVH,102.95,0.32,3.4,555.5,10,0,0,Neutral,65,Institutional Support
IP,102.72,0.45,12.88,525.09,10,0,0,Neutral,55,Institutional Support
IPG,0.0,0.0,0.0,0.0,0,0,0,Unknown,45,Neutral
IQV,102.13,1.76,3.49,161.34,10,0,0,Neutral,65,Institutional Support
IR,106.27,0.35,5.34,390.42,10,0,0,Neutral,65,Institutional Support
IRM,88.74,0.95,3.6,293.23,10,0,0,Neutral,65,Institutional Support
ISRG,88.87,0.72,1.87,352.99,10,0,0,Neutral,70,Strong Institutional Support
IT,106.38,3.87,11.17,67.96,10,0,0,Neutral,55,Institutional Support
ITW,85.83,0.63,3.1,261.19,10,0,0,Neutral,65,Institutional Support
IVZ,94.05,0.67,6.15,358.68,10,0,0,Neutral,65,Institutional Support
J,91.49,0.77,3.1,115.91,10,0,0,Neutral,65,Institutional Support
JBHT,76.5,20.5,4.02,75.05,10,0,0,Neutral,60,Institutional Support
JBL,97.68,1.62,3.12,103.49,10,0,0,Neutral,65,Institutional Support
JCI,95.06,1.37,2.11,609.99,10,0,0,Neutral,70,Strong Institutional Support
JKHY,104.63,1.65,5.29,71.67,10,0,0,Neutral,65,Institutional Support
JNJ,75.7,0.44,0.86,2406.12,10,0,0,Neutral,65,Institutional Support
JNPR,0.0,0.0,0.0,0.0,0,0,0,Unknown,45,Neutral
JPM,74.85,0.95,0.74,2683.01,10,0,0,Neutral,65,Institutional Support
K,0.0,0.0,0.0,0.0,0,0,0,Unknown,45,Neutral
KDP,97.72,5.09,3.24,1218.57,10,0,0,Neutral,65,Institutional Support
KEY,89.99,0.52,2.52,1085.26,10,0,0,Neutral,70,Strong Institutional Support
KEYS,93.95,0.82,1.76,170.89,10,0,0,Neutral,70,Strong Institutional Support
KHC,62.92,27.97,9.02,854.47,10,0,0,Neutral,60,Institutional Support
KIM,97.87,2.19,4.51,658.02,10,0,0,Neutral,65,Institutional Support
KKR,62.43,23.76,1.29,684.19,10,0,0,Neutral,65,Institutional Support
KLAC,93.76,0.27,2.48,130.77,10,0,0,Neutral,70,Strong Institutional Support
KMB,88.77,0.96,12.45,330.81,10,0,0,Neutral,55,Institutional Support
KMI,69.75,13.05,2.76,1936.89,10,0,0,Neutral,65,Institutional Support
KMX,109.34,0.7,11.76,133.17,10,0,0,Neutral,55,Institutional Support
KO,66.76,10.09,0.96,3872.11,10,0,0,Neutral,65,Institutional Support
KR,79.18,8.98,5.17,740.33,10,0,0,Neutral,60,Institutional Support
KVUE,96.15,0.29,3.16,1914.11,10,0,0,Neutral,65,Institutional Support
L,60.39,19.02,2.26,168.87,10,0,0,Neutral,65,Institutional Support
LDOS,80.92,0.87,2.49,125.39,10,0,0,Neutral,70,Strong Institutional Support
LEN,93.55,5.46,5.27,213.32,10,0,0,Neutral,65,Institutional Support
LH,100.18,0.53,4.79,82.05,10,0,0,Neutral,65,Institutional Support
LHX,89.34,1.35,1.24,185.94,10,0,0,Neutral,70,Strong Institutional Support
LIN,87.2,0.41,1.31,461.77,10,0,0,Neutral,70,Strong Institutional Support
LKQ,109.33,0.94,6.86,253.13,10,0,0,Neutral,65,Institutional Support
LLY,84.67,0.36,0.75,890.99,10,0,0,Neutral,70,Strong Institutional Support
LMT,75.26,0.38,1.52,196.02,10,0,0,Neutral,65,Institutional Support
LNT,91.43,0.39,8.53,256.35,10,0,0,Neutral,65,Institutional Support
LOW,80.68,0.34,1.92,559.84,10,0,0,Neutral,70,Strong Institutional Support
LRCX,88.85,0.31,2.95,1243.54,10,0,0,Neutral,70,Strong Institutional Support
LULU,82.08,4.72,5.39,107.76,10,0,0,Neutral,65,Institutional Support
LUV,97.72,1.49,5.65,439.29,10,0,0,Neutral,65,Institutional Support
LVS,41.65,57.82,3.01,316.74,10,0,0,Neutral,50,Neutral
LW,94.09,3.22,5.72,137.59,10,0,0,Neutral,65,Institutional Support
LYB,74.36,20.75,6.29,256.05,10,0,0,Neutral,60,Institutional Support
LYV,83.72,32.7,10.53,156.47,10,0,0,Neutral,55,Institutional Support
MA,90.98,0.72,0.81,884.06,10,0,0,Neutral,70,Strong Institutional Support
MAA,98.04,1.2,3.71,115.82,10,0,0,Neutral,65,Institutional Support
MAR,65.58,18.41,3.27,231.34,10,0,0,Neutral,60,Institutional Support
MAS,104.24,0.45,4.83,202.72,10,0,0,Neutral,65,Institutional Support
MCD,75.61,0.59,1.22,709.4,10,0,0,Neutral,65,Institutional Support
MCHP,99.72,2.28,5.63,529.57,10,0,0,Neutral,65,Institutional Support
MCK,91.36,0.28,1.52,122.33,10,0,0,Neutral,70,Strong Institutional Support
MCO,79.37,14.21,1.29,163.66,10,0,0,Neutral,65,Institutional Support
MDLZ,88.76,0.57,2.73,1278.21,10,0,0,Neutral,70,Strong Institutional Support
MDT,88.15,1.15,1.36,1281.5,10,0,0,Neutral,70,Strong Institutional Support
MET,77.17,16.62,1.89,544.67,10,0,0,Neutral,65,Institutional Support
META,78.49,0.26,1.24,2182.48,10,0,0,Neutral,65,Institutional Support
MGM,73.46,27.24,14.53,186.54,10,0,0,Neutral,50,Neutral
MHK,88.69,17.77,5.75,50.79,10,0,0,Neutral,65,Institutional Support
MKC,95.06,0.41,0.0,265.04,10,0,0,Neutral,70,Strong Institutional Support
MKTX,110.88,3.07,5.86,32.28,10,0,0,Neutral,65,Institutional Support
MLM,101.06,1.41,3.09,59.81,10,0,0,Neutral,65,Institutional Support
MMC,92.08,0.07,1.01,489.04,10,0,0,Neutral,70,Strong Institutional Support
MMM,76.29,0.27,1.56,525.84,10,0,0,Neutral,65,Institutional Support
MNST,69.4,28.79,2.94,698.09,10,0,0,Neutral,65,Institutional Support
MO,63.59,0.27,2.79,1668.64,10,0,0,Neutral,65,Institutional Support
MOH,105.11,1.44,9.73,50.77,10,0,0,Neutral,65,Institutional Support
MOS,95.43,0.51,6.65,315.93,10,0,0,Neutral,65,Institutional Support
MPC,76.96,2.21,3.37,293.94,10,0,0,Neutral,60,Institutional Support
MPWR,102.38,4.55,5.05,47.14,10,0,0,Neutral,65,Institutional Support
MRK,81.26,0.69,1.26,2468.41,10,0,0,Neutral,70,Strong Institutional Support
MRNA,77.47,7.39,22.2,368.36,10,0,0,Neutral,50,Neutral
MRO,0.0,0.0,0.0,0.0,0,0,0,Unknown,45,Neutral
MS,62.64,24.13,1.37,1206.35,10,0,0,Neutral,65,Institutional Support
MSCI,94.55,3.99,2.45,69.4,10,0,0,Neutral,70,Strong Institutional Support
MSFT,75.86,0.31,0.76,7414.86,10,0,0,Neutral,65,Institutional Support
MSI,88.03,2.42,1.61,164.94,10,0,0,Neutral,70,Strong Institutional Support
MTB,92.93,0.48,4.66,148.28,10,0,0,Neutral,65,Institutional Support
MTCH,108.46,0.72,6.46,230.92,10,0,0,Neutral,65,Institutional Support
MTD,102.63,0.48,2.88,20.22,10,0,0,Neutral,70,Strong Institutional Support
MU,82.21,0.41,2.75,1121.28,10,0,0,Neutral,70,Strong Institutional Support
NCLH,86.53,0.56,9.92,453.18,10,0,0,Neutral,65,Institutional Support
NDAQ,86.89,11.11,1.77,505.85,10,0,0,Neutral,70,Strong Institutional Support
NDSN,77.48,6.31,2.23,49.73,10,0,0,Neutral,65,Institutional Support
NEE,84.28,0.67,2.37,2079.17,10,0,0,Neutral,70,Strong Institutional Support
NEM,80.81,0.35,2.27,1085.64,10,0,0,Neutral,70,Strong Institutional Support
NFLX,83.74,0.81,1.98,4192.94,10,0,0,Neutral,70,Strong Institutional Support
NI,100.32,0.36,2.32,477.0,10,0,0,Neutral,70,Strong Institutional Support
NKE,83.23,1.63,4.27,1166.17,10,0,0,Neutral,65,Institutional Support
NOC,83.35,0.48,1.29,141.54,10,0,0,Neutral,70,Strong Institutional Support
NOW,89.62,0.38,2.61,1043.0,10,0,0,Neutral,70,Strong Institutional Support
NRG,85.33,12.29,2.24,193.64,10,0,0,Neutral,70,Strong Institutional Support
NSC,78.17,0.28,4.64,224.2,10,0,0,Neutral,60,Institutional Support
NTAP,101.77,0.79,10.73,196.1,10,0,0,Neutral,55,Institutional Support
NTRS,85.84,0.87,1.17,182.59,10,0,0,Neutral,70,Strong Institutional Support
NUE,78.44,3.33,2.37,219.62,10,0,0,Neutral,65,Institutional Support
NVDA,69.65,4.35,1.09,23330.67,10,0,0,Neutral,65,Institutional Support
NVR,88.28,5.47,3.86,2.75,10,0,0,Neutral,65,Institutional Support
NWS,47.66,34.35,14.17,490.83,10,0,0,Neutral,40,Institutional Concern
NWSA,106.47,0.08,3.34,490.83,10,0,0,Neutral,65,Institutional Support
NXPI,99.08,0.75,4.39,252.25,10,0,0,Neutral,65,Institutional Support
O,79.87,1.23,3.95,930.28,10,0,0,Neutral,60,Institutional Support
ODFL,83.68,8.92,8.08,191.17,10,0,0,Neutral,65,Institutional Support
OKE,79.04,0.47,4.69,627.94,10,0,0,Neutral,60,Institutional Support
OMC,102.75,1.09,8.53,307.87,10,0,0,Neutral,65,Institutional Support
ON,110.02,0.46,14.71,392.34,10,0,0,Neutral,55,Institutional Support
ORCL,44.32,40.78,1.97,1706.44,10,0,0,Neutral,55,Institutional Support
ORLY,88.3,1.08,1.82,830.87,10,0,0,Neutral,70,Strong Institutional Support
OTIS,93.24,0.19,3.53,387.9,10,0,0,Neutral,65,Institutional Support
OXY,51.78,27.29,5.2,982.53,10,0,0,Neutral,50,Neutral
PANW,73.66,1.04,2.81,809.28,10,0,0,Neutral,65,Institutional Support
PARA,0.0,0.0,0.0,0.0,0,0,0,Unknown,45,Neutral
PAYC,98.25,13.14,10.16,46.37,10,0,0,Neutral,55,Institutional Support
PAYX,84.62,10.73,6.27,321.74,10,0,0,Neutral,65,Institutional Support
PCAR,75.35,1.98,2.66,515.59,10,0,0,Neutral,65,Institutional Support
PCG,99.31,0.24,2.29,2192.08,10,0,0,Neutral,70,Strong Institutional Support
PEG,77.33,0.99,2.04,497.66,10,0,0,Neutral,65,Institutional Support
PEP,79.88,0.49,2.17,1362.97,10,0,0,Neutral,65,Institutional Support
PFE,67.71,0.28,2.58,5678.65,10,0,0,Neutral,65,Institutional Support
PFG,75.61,1.22,3.61,215.52,10,0,0,Neutral,60,Institutional Support
PG,70.4,0.33,1.12,2319.84,10,0,0,Neutral,65,Institutional Support
PGR,88.49,0.54,1.16,583.91,10,0,0,Neutral,70,Strong Institutional Support
PH,90.33,0.38,1.26,125.79,10,0,0,Neutral,70,Strong Institutional Support
PHM,95.04,1.2,5.35,190.84,10,0,0,Neutral,65,Institutional Support
PKG,98.66,1.69,5.0,87.1,10,0,0,Neutral,65,Institutional Support
PLD,96.66,0.53,1.58,925.94,10,0,0,Neutral,70,Strong Institutional Support
PM,83.2,0.46,1.23,1552.74,10,0,0,Neutral,70,Strong Institutional Support
PNC,84.79,1.01,1.77,400.34,10,0,0,Neutral,70,Strong Institutional Support
PNR,98.11,0.98,3.53,161.97,10,0,0,Neutral,65,Institutional Support
PNW,103.75,0.3,7.71,119.0,10,0,0,Neutral,65,Institutional Support
PODD,103.09,0.69,3.27,70.11,10,0,0,Neutral,65,Institutional Support
POOL,92.35,12.43,12.05,32.48,10,0,0,Neutral,55,Institutional Support
PPG,91.87,0.47,3.71,222.98,10,0,0,Neutral,65,Institutional Support
PPL,87.82,0.74,4.97,749.18,10,0,0,Neutral,65,Institutional Support
PRU,62.9,0.4,2.68,346.58,10,0,0,Neutral,65,Institutional Support
PSA,83.24,10.29,3.7,157.4,10,0,0,Neutral,65,Institutional Support
PSX,78.5,0.64,1.98,399.89,10,0,0,Neutral,65,Institutional Support
PTC,101.58,1.0,5.03,118.46,10,0,0,Neutral,65,Institutional Support
PWR,95.78,1.31,3.45,148.22,10,0,0,Neutral,65,Institutional Support
PYPL,82.17,0.31,5.63,918.7,10,0,0,Neutral,65,Institutional Support
QCOM,81.58,0.46,3.69,1064.72,10,0,0,Neutral,65,Institutional Support
QRVO,92.53,1.16,9.3,84.35,10,0,0,Neutral,65,Institutional Support
RCL,90.89,0.72,5.23,255.52,10,0,0,Neutral,65,Institutional Support
REG,104.0,0.8,5.1,163.65,10,0,0,Neutral,65,Institutional Support
REGN,90.86,2.07,2.05,98.55,10,0,0,Neutral,70,Strong Institutional Support
RF,89.79,0.46,7.72,859.87,10,0,0,Neutral,65,Institutional Support
RJF,79.49,10.67,5.29,176.36,10,0,0,Neutral,60,Institutional Support
RL,103.02,4.18,7.47,38.03,10,0,0,Neutral,65,Institutional Support
RMD,68.23,0.53,7.98,144.79,10,0,0,Neutral,60,Institutional Support
ROK,88.1,0.3,3.14,111.99,10,0,0,Neutral,65,Institutional Support
ROL,59.44,38.63,3.45,308.59,10,0,0,Neutral,50,Neutral
ROP,101.59,0.67,2.8,102.37,10,0,0,Neutral,70,Strong Institutional Support
ROST,93.47,2.58,2.51,315.86,10,0,0,Neutral,70,Strong Institutional Support
RSG,96.98,0.43,1.43,308.07,10,0,0,Neutral,70,Strong Institutional Support
RTX,81.15,0.39,0.92,1248.11,10,0,0,Neutral,70,Strong Institutional Support
RVTY,103.09,0.36,10.2,102.66,10,0,0,Neutral,55,Institutional Support
SBAC,99.47,0.81,2.59,105.05,10,0,0,Neutral,70,Strong Institutional Support
SBUX,84.77,0.4,4.72,1137.08,10,0,0,Neutral,65,Institutional Support
SCHW,84.84,6.44,0.82,1648.13,10,0,0,Neutral,70,Strong Institutional Support
SHW,83.21,7.46,1.39,227.8,10,0,0,Neutral,70,Strong Institutional Support
SJM,95.32,2.51,6.45,104.37,10,0,0,Neutral,65,Institutional Support
SLB,87.43,0.33,4.06,1490.62,10,0,0,Neutral,65,Institutional Support
SMCI,56.5,16.44,18.97,499.35,10,0,0,Neutral,40,Institutional Concern
SNA,96.25,3.18,6.24,50.64,10,0,0,Neutral,65,Institutional Support
SNPS,90.84,3.16,2.3,190.51,10,0,0,Neutral,70,Strong Institutional Support
SO,72.78,0.43,2.23,1116.86,10,0,0,Neutral,65,Institutional Support
SOLV,73.71,15.12,2.55,147.41,10,0,0,Neutral,65,Institutional Support
SPG,93.08,1.96,2.2,321.21,10,0,0,Neutral,70,Strong Institutional Support
SPGI,91.11,0.69,1.64,298.1,10,0,0,Neutral,70,Strong Institutional Support
SRE,94.59,0.33,1.73,652.13,10,0,0,Neutral,70,Strong Institutional Support
STE,98.58,1.42,2.1,97.69,10,0,0,Neutral,70,Strong Institutional Support
STLD,85.04,6.53,3.75,135.19,10,0,0,Neutral,65,Institutional Support
STT,95.69,0.61,2.3,263.51,10,0,0,Neutral,70,Strong Institutional Support
STX,89.28,0.4,6.45,217.33,10,0,0,Neutral,65,Institutional Support
STZ,78.93,20.13,5.07,144.07,10,0,0,Neutral,60,Institutional Support
SWK,94.17,0.48,3.89,154.63,10,0,0,Neutral,65,Institutional Support
SWKS,107.6,0.47,18.02,149.66,10,0,0,Neutral,55,Institutional Support
SYF,107.26,0.58,5.76,345.38,10,0,0,Neutral,65,Institutional Support
SYK,82.18,5.63,1.12,346.61,10,0,0,Neutral,70,Strong Institutional Support
SYY,89.75,0.47,3.72,477.56,10,0,0,Neutral,65,Institutional Support
T,67.75,0.45,1.6,6985.95,10,0,0,Neutral,65,Institutional Support
TAP,98.26,13.36,15.23,167.87,10,0,0,Neutral,55,Institutional Support
TDG,97.15,0.54,2.65,56.2,10,0,0,Neutral,70,Strong Institutional Support
TDY,97.65,1.18,3.07,45.83,10,0,0,Neutral,65,Institutional Support
TECH,114.0,0.68,8.24,154.59,10,0,0,Neutral,65,Institutional Support
TEL,91.88,0.12,2.72,292.9,10,0,0,Neutral,70,Strong Institutional Support
TER,98.38,1.04,3.41,156.22,10,0,0,Neutral,65,Institutional Support
TFC,78.34,0.59,2.35,1245.9,10,0,0,Neutral,65,Institutional Support
TFX,107.96,0.46,8.9,44.04,10,0,0,Neutral,65,Institutional Support
TGT,86.07,0.74,4.25,451.52,10,0,0,Neutral,65,Institutional Support
TJX,93.01,0.54,1.1,1122.39,10,0,0,Neutral,70,Strong Institutional Support
TMO,94.43,0.35,0.95,370.59,10,0,0,Neutral,70,Strong Institutional Support
TMUS,42.58,56.0,3.27,515.48,10,0,0,Neutral,50,Neutral
TPR,98.46,0.63,7.09,201.51,10,0,0,Neutral,65,Institutional Support
TRGP,95.57,1.76,2.9,211.44,10,0,0,Neutral,70,Strong Institutional Support
TRMB,100.42,0.35,2.3,232.88,10,0,0,Neutral,70,Strong Institutional Support
TROW,86.15,1.9,11.49,213.79,10,0,0,Neutral,55,Institutional Support
TRV,88.36,0.53,1.83,214.99,10,0,0,Neutral,70,Strong Institutional Support
TSCO,99.34,1.46,6.92,524.51,10,0,0,Neutral,65,Institutional Support
TSLA,44.56,11.19,1.94,2812.71,10,0,0,Neutral,55,Institutional Support
TSN,91.65,2.75,2.93,274.89,10,0,0,Neutral,70,Strong Institutional Support
TT,90.12,1.01,1.82,220.79,10,0,0,Neutral,70,Strong Institutional Support
TTWO,95.91,1.7,5.54,184.26,10,0,0,Neutral,65,Institutional Support
TXN,91.65,0.4,3.01,905.13,10,0,0,Neutral,65,Institutional Support
TXT,90.91,0.92,4.12,173.02,10,0,0,Neutral,65,Institutional Support
TYL,101.2,1.02,4.69,42.78,10,0,0,Neutral,65,Institutional Support
UAL,90.98,0.71,3.04,320.79,10,0,0,Neutral,65,Institutional Support
UBER,85.13,0.62,2.66,2046.94,10,0,0,Neutral,70,Strong Institutional Support
UDR,106.96,0.64,6.12,296.22,10,0,0,Neutral,65,Institutional Support
UHS,97.44,6.17,5.04,51.01,10,0,0,Neutral,65,Institutional Support
ULTA,99.29,0.63,6.35,44.17,10,0,0,Neutral,65,Institutional Support
UNH,84.43,1.23,1.52,902.33,10,0,0,Neutral,70,Strong Institutional Support
UNP,88.87,0.95,4.74,592.04,10,0,0,Neutral,65,Institutional Support
UPS,69.94,0.45,2.43,743.12,10,0,0,Neutral,65,Institutional Support
URI,93.05,1.04,3.21,62.74,10,0,0,Neutral,65,Institutional Support
USB,83.03,0.39,1.78,1548.94,10,0,0,Neutral,70,Strong Institutional Support
V,90.73,0.95,1.58,1739.81,10,0,0,Neutral,70,Strong Institutional Support
VICI,99.6,0.6,2.65,1064.45,10,0,0,Neutral,70,Strong Institutional Support
VLO,87.7,0.95,4.36,297.46,10,0,0,Neutral,65,Institutional Support
VLTO,98.01,0.34,2.25,247.32,10,0,0,Neutral,70,Strong Institutional Support
VMC,97.86,0.5,3.45,130.21,10,0,0,Neutral,65,Institutional Support
VRSK,97.83,0.59,3.93,137.56,10,0,0,Neutral,65,Institutional Support
VRSN,90.69,10.62,2.65,90.92,10,0,0,Neutral,70,Strong Institutional Support
VRTX,97.64,0.36,1.98,253.27,10,0,0,Neutral,70,Strong Institutional Support
VST,92.44,1.22,3.46,314.71,10,0,0,Neutral,65,Institutional Support
VTR,105.52,0.58,3.59,472.68,10,0,0,Neutral,65,Institutional Support
VTRS,87.39,0.45,2.63,1142.98,10,0,0,Unknown,70,Strong Institutional Support
VZ,68.75,0.69,3.52,4211.91,10,0,0,Neutral,60,Institutional Support
WAB,96.01,1.95,1.2,168.4,10,0,0,Neutral,70,Strong Institutional Support
WAT,60.57,0.22,3.14,97.98,10,0,0,Neutral,60,Institutional Support
WBA,0.0,0.0,0.0,0.0,0,0,0,Unknown,45,Neutral
WBD,73.81,4.52,2.72,2347.5,10,0,0,Neutral,65,Institutional Support
WDC,103.58,0.58,10.53,336.68,10,0,0,Neutral,55,Institutional Support
WEC,84.8,0.77,5.38,324.63,10,0,0,Neutral,65,Institutional Support
WELL,99.41,0.17,2.35,696.8,10,0,0,Neutral,70,Strong Institutional Support
WFC,79.29,0.22,0.86,3077.8,10,0,0,Neutral,65,Institutional Support
WM,83.82,0.7,1.26,402.03,10,0,0,Neutral,70,Strong Institutional Support
WMB,88.88,1.27,1.41,1214.0,10,0,0,Neutral,70,Strong Institutional Support
WMT,38.82,45.44,1.3,4369.7,10,0,0,Neutral,55,Institutional Support
WRB,78.81,26.34,6.79,231.55,10,0,0,Neutral,60,Institutional Support
WST,97.49,0.91,4.09,71.52,10,0,0,Neutral,65,Institutional Support
WTW,101.83,0.43,2.23,94.15,10,0,0,Neutral,70,Strong Institutional Support
WY,91.59,0.54,2.47,717.17,10,0,0,Neutral,70,Strong Institutional Support
WYNN,68.73,27.97,6.7,74.23,10,0,0,Neutral,60,Institutional Support
XEL,92.12,0.38,5.17,622.39,10,0,0,Neutral,65,Institutional Support
XOM,67.43,0.26,1.6,4155.3,10,0,0,Neutral,65,Institutional Support
XYL,96.83,0.35,2.36,242.54,10,0,0,Neutral,70,Strong Institutional Support
YUM,89.18,0.31,2.36,275.67,10,0,0,Neutral,70,Strong Institutional Support
ZBH,104.23,0.27,4.87,195.11,10,0,0,Neutral,65,Institutional Support
ZBRA,98.8,1.44,4.85,48.75,10,0,0,Neutral,65,Institutional Support
ZTS,100.74,0.45,3.87,421.3,10,0,0,Neutral,65,Institutional Support
